<?xml version="1.0" encoding="UTF-8"?>

<application xmlns="http://www.tibco.com/xmlns/ApplicationManagement" name="TOBESTOPPED/ECO_OMS_OrderFraudScreening-Synch-A-05182016">
    <repoInstanceName>%%DOMAIN%%-ECO_OMS_OrderFraudScreening-Synch-A-05182016</repoInstanceName>
    <description>01_DEVOPS_EMPTY_FOLDER_PROD_JENKINS_DEPLOYER_CHG54360</description>
    <maxdeploymentrevision>5</maxdeploymentrevision>
    <NVPairs name="Global Variables">
        <NameValuePair>
            <name>ACC_OMS_OrderFraudScreening-Asynch/CLE/InterfaceCode</name>
            <value>ACC_OMS.ORDERFRAUDSCREENING</value>
        </NameValuePair>
        <NameValuePair>
            <name>ACC_OMS_OrderFraudScreening-Asynch/CLE/TransactionDomain</name>
            <value>BADDEBT</value>
        </NameValuePair>
        <NameValuePair>
            <name>ACC_OMS_OrderFraudScreening-Asynch/CLE/TransactionType</name>
            <value>ORDERFRAUDSCREENING</value>
        </NameValuePair>
        <NameValuePair>
            <name>ACC_OMS_OrderFraudScreening-Asynch/CONSTANTS/BLANKS_10</name>
            <value></value>
        </NameValuePair>
        <NameValuePair>
            <name>ACC_OMS_OrderFraudScreening-Asynch/CONSTANTS/BLANKS_100</name>
            <value></value>
        </NameValuePair>
        <NameValuePair>
            <name>ACC_OMS_OrderFraudScreening-Asynch/CONSTANTS/CLEConstants/AuditDTCMOStringMessage</name>
            <value>LOGGING DTCMO FIXED LENGTH STRING</value>
        </NameValuePair>
        <NameValuePair>
            <name>ACC_OMS_OrderFraudScreening-Asynch/CONSTANTS/CLEConstants/AuditEndMessage</name>
            <value>ASYNC ACCERTIFY RESPONSE SENT</value>
        </NameValuePair>
        <NameValuePair>
            <name>ACC_OMS_OrderFraudScreening-Asynch/CONSTANTS/CLEConstants/AuditEndMessage-Result</name>
            <value>ACCERTIFY RESPONSE MESSAGE SENT TO OMS(DTCMO)</value>
        </NameValuePair>
        <NameValuePair>
            <name>ACC_OMS_OrderFraudScreening-Asynch/CONSTANTS/CLEConstants/AuditEndStatus</name>
            <value>SUCCESS</value>
        </NameValuePair>
        <NameValuePair>
            <name>ACC_OMS_OrderFraudScreening-Asynch/CONSTANTS/CLEConstants/AuditExceptionMessage</name>
            <value>AN EXCEPTION OCCURED</value>
        </NameValuePair>
        <NameValuePair>
            <name>ACC_OMS_OrderFraudScreening-Asynch/CONSTANTS/CLEConstants/AuditExceptionStatus</name>
            <value>EXCEPTION</value>
        </NameValuePair>
        <NameValuePair>
            <name>ACC_OMS_OrderFraudScreening-Asynch/CONSTANTS/CLEConstants/AuditStartMessage</name>
            <value>ASYNC ACCERTIFY RESPONSE RECEIVED FROM ACCERTIFY ON HTTP</value>
        </NameValuePair>
        <NameValuePair>
            <name>ACC_OMS_OrderFraudScreening-Asynch/CONSTANTS/CLEConstants/AuditStartMessage-Result</name>
            <value>ACCERTIFY RESPONSE MESSAGE RECEIVED</value>
        </NameValuePair>
        <NameValuePair>
            <name>ACC_OMS_OrderFraudScreening-Asynch/CONSTANTS/CLEConstants/AuditStartStatus</name>
            <value>STARTED</value>
        </NameValuePair>
        <NameValuePair>
            <name>ACC_OMS_OrderFraudScreening-Asynch/CONSTANTS/Exceptions/ACC_OMS.ORDERFRAUDSCREENINGRECEIVER_100001</name>
            <value>ACC_OMS.ORDERFRAUDSCREENING_100001</value>
        </NameValuePair>
        <NameValuePair>
            <name>ACC_OMS_OrderFraudScreening-Asynch/CONSTANTS/Exceptions/ACC_OMS.ORDERFRAUDSCREENINGRECEIVER_100001_MSG</name>
            <value>HTTP RECEIVER EXCEPTION</value>
        </NameValuePair>
        <NameValuePair>
            <name>ACC_OMS_OrderFraudScreening-Asynch/CONSTANTS/Exceptions/ACC_OMS.ORDERFRAUDSCREENINGRECEIVER_100002</name>
            <value>ACC_OMS.ORDERFRAUDSCREENING_100002</value>
        </NameValuePair>
        <NameValuePair>
            <name>ACC_OMS_OrderFraudScreening-Asynch/CONSTANTS/Exceptions/ACC_OMS.ORDERFRAUDSCREENINGRECEIVER_100002_MSG</name>
            <value>JSON REST EXCEPTION</value>
        </NameValuePair>
        <NameValuePair>
            <name>ACC_OMS_OrderFraudScreening-Asynch/CONSTANTS/Exceptions/ACC_OMS.ORDERFRAUDSCREENINGRECEIVER_100003</name>
            <value>ACC_OMS. ORDERFRAUDSCREENINGRECEIVER_100003</value>
        </NameValuePair>
        <NameValuePair>
            <name>ACC_OMS_OrderFraudScreening-Asynch/CONSTANTS/Exceptions/ACC_OMS.ORDERFRAUDSCREENINGRECEIVER_100003_MSG</name>
            <value>UNKNOWN EXCEPTION</value>
        </NameValuePair>
        <NameValuePair>
            <name>ACC_OMS_OrderFraudScreening-Asynch/CONSTANTS/Exceptions/ACC_OMS.ORDERFRAUDSCREENING_100003</name>
            <value>ACC_OMS.ORDERFRAUDSCREENING_100003</value>
        </NameValuePair>
        <NameValuePair>
            <name>ACC_OMS_OrderFraudScreening-Asynch/CONSTANTS/Exceptions/ACC_OMS.ORDERFRAUDSCREENING_100003_MSG</name>
            <value>XML PARSE EXCEPTION OCCURRED AT ACCERTIFY RESPONSE PARSING</value>
        </NameValuePair>
        <NameValuePair>
            <name>ACC_OMS_OrderFraudScreening-Asynch/CONSTANTS/Exceptions/ACC_OMS.ORDERFRAUDSCREENING_100004</name>
            <value>ACC_OMS.ORDERFRAUDSCREENING_100004</value>
        </NameValuePair>
        <NameValuePair>
            <name>ACC_OMS_OrderFraudScreening-Asynch/CONSTANTS/Exceptions/ACC_OMS.ORDERFRAUDSCREENING_100004_MSG</name>
            <value>XML PARSE ENCODING EXCEPTION OCCURRED</value>
        </NameValuePair>
        <NameValuePair>
            <name>ACC_OMS_OrderFraudScreening-Asynch/CONSTANTS/Exceptions/ACC_OMS.ORDERFRAUDSCREENING_100005</name>
            <value>ACC_OMS.ORDERFRAUDSCREENING_100005</value>
        </NameValuePair>
        <NameValuePair>
            <name>ACC_OMS_OrderFraudScreening-Asynch/CONSTANTS/Exceptions/ACC_OMS.ORDERFRAUDSCREENING_100005_MSG</name>
            <value>XML PARSE MISSING BYTES</value>
        </NameValuePair>
        <NameValuePair>
            <name>ACC_OMS_OrderFraudScreening-Asynch/CONSTANTS/Exceptions/ACC_OMS.ORDERFRAUDSCREENING_100006</name>
            <value>ACC_OMS.ORDERFRAUDSCREENING_100006</value>
        </NameValuePair>
        <NameValuePair>
            <name>ACC_OMS_OrderFraudScreening-Asynch/CONSTANTS/Exceptions/ACC_OMS.ORDERFRAUDSCREENING_100006_MSG</name>
            <value>XML PARSE SCHEMA VALIDATION FAILED</value>
        </NameValuePair>
        <NameValuePair>
            <name>ACC_OMS_OrderFraudScreening-Asynch/CONSTANTS/Exceptions/ACC_OMS.ORDERFRAUDSCREENING_100007</name>
            <value>ACC_OMS.ORDERFRAUDSCREENING_100007</value>
        </NameValuePair>
        <NameValuePair>
            <name>ACC_OMS_OrderFraudScreening-Asynch/CONSTANTS/Exceptions/ACC_OMS.ORDERFRAUDSCREENING_100007_MSG</name>
            <value>AN EXCEPTION OCCURRED WHILE MAPPING ORDER STATUS TO DTCMO</value>
        </NameValuePair>
        <NameValuePair>
            <name>ACC_OMS_OrderFraudScreening-Asynch/CONSTANTS/Exceptions/ACC_OMS.ORDERFRAUDSCREENING_100008</name>
            <value>ACC_OMS.ORDERFRAUDSCREENING_100008</value>
        </NameValuePair>
        <NameValuePair>
            <name>ACC_OMS_OrderFraudScreening-Asynch/CONSTANTS/Exceptions/ACC_OMS.ORDERFRAUDSCREENING_100008_MSG</name>
            <value>TRANSPORT EXCEPTION OCCURRED WHILE PUBLISHING TO AS 400 ADAPTER</value>
        </NameValuePair>
        <NameValuePair>
            <name>ACC_OMS_OrderFraudScreening-Asynch/CONSTANTS/Exceptions/ACC_OMS.ORDERFRAUDSCREENING_100009</name>
            <value>ACC_OMS.ORDERFRAUDSCREENING_100009</value>
        </NameValuePair>
        <NameValuePair>
            <name>ACC_OMS_OrderFraudScreening-Asynch/CONSTANTS/Exceptions/ACC_OMS.ORDERFRAUDSCREENING_100009_MSG</name>
            <value>SERIALIZATION EXCEPTION OCCURRED WHILE PUBLISHING TO AS 400 ADAPTER</value>
        </NameValuePair>
        <NameValuePair>
            <name>ACC_OMS_OrderFraudScreening-Asynch/CONSTANTS/Exceptions/ACC_OMS.ORDERFRAUDSCREENING_100010</name>
            <value>ACC_OMS.ORDERFRAUDSCREENING_100010</value>
        </NameValuePair>
        <NameValuePair>
            <name>ACC_OMS_OrderFraudScreening-Asynch/CONSTANTS/Exceptions/ACC_OMS.ORDERFRAUDSCREENING_100010_MSG</name>
            <value>TIMEOUT EXCEPTION OCCURRED WHILE PUBLISHING TO AS 400 ADAPTER</value>
        </NameValuePair>
        <NameValuePair>
            <name>ACC_OMS_OrderFraudScreening-Asynch/CONSTANTS/Exceptions/ACC_OMS.ORDERFRAUDSCREENING_100011</name>
            <value>ACC_OMS.ORDERFRAUDSCREENING_100011</value>
        </NameValuePair>
        <NameValuePair>
            <name>ACC_OMS_OrderFraudScreening-Asynch/CONSTANTS/Exceptions/ACC_OMS.ORDERFRAUDSCREENING_100011_MSG</name>
            <value>UNKNOWN EXCEPTION</value>
        </NameValuePair>
        <NameValuePair>
            <name>ACC_OMS_OrderFraudScreening-Asynch/JMS/AccertifyMessageInQueueSuffix</name>
            <value>TIB.ORDERFRAUD.REQ.PUBLISH</value>
        </NameValuePair>
        <NameValuePairInteger>
            <name>ACC_OMS_OrderFraudScreening-Asynch/JMS/JMSMaxSessions</name>
            <value>0</value>
        </NameValuePairInteger>
        <NameValuePair>
            <name>ACC_OMS_OrderFraudScreening-Asynch/JMS/OMSMessageOutQueueSuffix</name>
            <value>TIB.OMS.ORDERFRAUDRESULT.RESP.PUBLISH</value>
        </NameValuePair>
        <NameValuePair>
            <name>ADBScriptFileDir</name>
            <value>/app/tibco/tibco_stst/tibco_sw/adapter/adadb/5.5/sql</value>
        </NameValuePair>
        <NameValuePair>
            <name>AutoRetry/RETRIES_FAILED_STATUS</name>
            <value>RETRIES_FAILED</value>
        </NameValuePair>
        <NameValuePair>
            <name>AutoRetry/RETRIES_FUNCTIONALERROR_STATUS</name>
            <value>RETRIES_FUNCTIONALERROR</value>
        </NameValuePair>
        <NameValuePair>
            <name>AutoRetry/RETRIES_INPROGRESS_STATUS</name>
            <value>RETRIES_INPROGRESS</value>
        </NameValuePair>
        <NameValuePair>
            <name>AutoRetry/RETRIES_SUCCEEDED_STATUS</name>
            <value>RETRIES_SUCCEEDED</value>
        </NameValuePair>
        <NameValuePair>
            <name>CLE/AppCode</name>
            <value>TIBCO</value>
        </NameValuePair>
        <NameValuePair>
            <name>CLE/Constants/AuditBegin</name>
            <value>BEGIN</value>
        </NameValuePair>
        <NameValuePair>
            <name>CLE/Constants/AuditBeginMsg</name>
            <value>RECEIVED A TEXT MESSAGE FROM THE JMS QUEUE</value>
        </NameValuePair>
        <NameValuePair>
            <name>CLE/Constants/AuditEnd</name>
            <value>END</value>
        </NameValuePair>
        <NameValuePair>
            <name>CLE/Constants/AuditReport</name>
            <value>REPORT</value>
        </NameValuePair>
        <NameValuePair>
            <name>CLE/JMS/AuditReplayLogTopicPostfix</name>
            <value>CLE.AUDITREPLAYLOG</value>
        </NameValuePair>
        <NameValuePair>
            <name>CLE/JMS/ExceptionTopicPostfix</name>
            <value>CLE.EXCEPTION</value>
        </NameValuePair>
        <NameValuePair>
            <name>CLE/JMS/LogTopicPostfix</name>
            <value>CLE.LOG</value>
        </NameValuePair>
        <NameValuePair>
            <name>CLEAppCode</name>
            <value>TIBCO</value>
        </NameValuePair>
        <NameValuePair>
            <name>CommonFilePath/ATPAppAuditSwitches</name>
            <value>C:\TIBCODEV\Commonxml\ATPAppAuditSwitches.xml</value>
        </NameValuePair>
        <NameValuePair>
            <name>CommonFilePath/ATPAuditSwitchesTimeInterval</name>
            <value>10</value>
        </NameValuePair>
        <NameValuePair>
            <name>CommonFilePath/AVSResults</name>
            <value>/app/tibco/lookup_files/prd2/AVSResults.xml</value>
        </NameValuePair>
        <NameValuePair>
            <name>CommonFilePath/CAFNAppAuditSwitches</name>
            <value>/app/tibco/lookup_files/prd2/CAFNAppAuditSwitches.xml</value>
        </NameValuePair>
        <NameValuePair>
            <name>CommonFilePath/CAFNConceptConversionToPKMS</name>
            <value>/app/tibco/lookup_files/prd2/CAFNConceptConversionToPKMS.xml</value>
        </NameValuePair>
        <NameValuePair>
            <name>CommonFilePath/CAFNInventoryStatusCode</name>
            <value>/app/tibco/lookup_files/prd2/POSInventoryStatusCode.xml</value>
        </NameValuePair>
        <NameValuePair>
            <name>CommonFilePath/CAFNPKMSCountryCodes</name>
            <value>/app/tibco/lookup_files/prd2/CAFNPKMSCountryCodes.xml</value>
        </NameValuePair>
        <NameValuePair>
            <name>CommonFilePath/CAFNValidPKMSShipModes</name>
            <value>/app/tibco/lookup_files/prd2/CAFNValidPKMSShipModes.xml</value>
        </NameValuePair>
        <NameValuePair>
            <name>CommonFilePath/CAFNWarehouseCode</name>
            <value>/app/tibco/lookup_files/prd2/POSWarehouseCode.xml</value>
        </NameValuePair>
        <NameValuePair>
            <name>CommonFilePath/CCRAppAuditSwitches</name>
            <value>/app/tibco/lookup_files/prd2/CCRAppAuditSwitches.xml</value>
        </NameValuePair>
        <NameValuePair>
            <name>CommonFilePath/CFSSKUCsv</name>
            <value>/app/tibco/lookup_files/prd2/CFS_SKU.csv</value>
        </NameValuePair>
        <NameValuePair>
            <name>CommonFilePath/CFSSkuLookup</name>
            <value>/app/tibco/lookup_files/prd2/CFSSKUList.csv</value>
        </NameValuePair>
        <NameValuePair>
            <name>CommonFilePath/CLEFlags</name>
            <value>/app/tibco/lookup_files/prd2/CLEFlags_Fraud.xml</value>
        </NameValuePair>
        <NameValuePair>
            <name>CommonFilePath/Carriers</name>
            <value>/app/tibco/lookup_files/prd2/Carriers.xml</value>
        </NameValuePair>
        <NameValuePair>
            <name>CommonFilePath/ConceptAndShipFromAddresses</name>
            <value>/app/tibco/lookup_files/prd2/ConceptsAndShipFromAddresses.xml</value>
        </NameValuePair>
        <NameValuePair>
            <name>CommonFilePath/ConceptCatalogMediaCodes</name>
            <value>/app/tibco/lookup_files/prd2/ConceptCatalogMediaCodes.xml</value>
        </NameValuePair>
        <NameValuePair>
            <name>CommonFilePath/ConceptFilters</name>
            <value>/app/tibco/lookup_files/prd2/ConceptFilters.xml</value>
        </NameValuePair>
        <NameValuePair>
            <name>CommonFilePath/ConceptsAndResponsysURLs</name>
            <value>/app/tibco/lookup_files/prd2/ConceptsAndResponsysURLs.xml</value>
        </NameValuePair>
        <NameValuePair>
            <name>CommonFilePath/ConceptsAndReturnAddress</name>
            <value>/app/tibco/lookup_files/prd2/ConceptsAndReturnsAddress.xml</value>
        </NameValuePair>
        <NameValuePair>
            <name>CommonFilePath/Countries</name>
            <value>/app/tibco/lookup_files/prd2/Countries.xml</value>
        </NameValuePair>
        <NameValuePair>
            <name>CommonFilePath/CriticalActionLines</name>
            <value>/app/tibco/lookup_files/prd2/CriticalActionLines.xml</value>
        </NameValuePair>
        <NameValuePair>
            <name>CommonFilePath/DC</name>
            <value>/app/tibco/lookup_files/prd2/DCConversionToNumeric.xml</value>
        </NameValuePair>
        <NameValuePair>
            <name>CommonFilePath/DSAppAuditSwitches</name>
            <value>/app/tibco/lookup_files/prd2/DSAppAuditSwitches.xml</value>
        </NameValuePair>
        <NameValuePair>
            <name>CommonFilePath/DSUIStatusCodes</name>
            <value>/app/tibco/lookup_files/prd2/DSUIStatusCodes.xml</value>
        </NameValuePair>
        <NameValuePair>
            <name>CommonFilePath/DTCMOConceptFilters</name>
            <value>/app/tibco/lookup_files/prd2/DTCMOConcept.csv</value>
        </NameValuePair>
        <NameValuePair>
            <name>CommonFilePath/EDIFreightTerms</name>
            <value>/app/tibco/lookup_files/prd2/EDIFreightTerms.xml</value>
        </NameValuePair>
        <NameValuePair>
            <name>CommonFilePath/EcomReturnCodesWithDesc</name>
            <value>/app/tibco/lookup_files/prd2/EcomReturnCodesWithDesc.xml</value>
        </NameValuePair>
        <NameValuePair>
            <name>CommonFilePath/Exceptions</name>
            <value>C:\TIBCODEV\TIBCOSharedResources\SharedResources\XMLFiles\Exceptions.xml</value>
        </NameValuePair>
        <NameValuePair>
            <name>CommonFilePath/ExperianConfig</name>
            <value>C:\TIBCODEV\TIBCOSharedResources\SharedResources\XMLFiles\ExperainConfig.xml</value>
        </NameValuePair>
        <NameValuePair>
            <name>CommonFilePath/ExperianFormIDs</name>
            <value>C:\TIBCODEV\TIBCOSharedResources\SharedResources\XMLFiles\ExperianFormIDs.xml</value>
        </NameValuePair>
        <NameValuePair>
            <name>CommonFilePath/ExperianKeysAndSecrets</name>
            <value>C:\TIBCODEV\TIBCOSharedResources\SharedResources\XMLFiles\ExperianKeysAndSecrets.xml</value>
        </NameValuePair>
        <NameValuePair>
            <name>CommonFilePath/FurnitureCarriers</name>
            <value>/app/tibco/lookup_files/prd2/FurnitureCarriers.xml</value>
        </NameValuePair>
        <NameValuePair>
            <name>CommonFilePath/GCCAgentAndConceptList</name>
            <value>/app/tibco/lookup_files/prd2/GCCAgentAndConceptList.xml</value>
        </NameValuePair>
        <NameValuePair>
            <name>CommonFilePath/GTDMessageBrokerConfigFile</name>
            <value>/app/tibco/lookup_files/prd2/GTDMessageBrokerConfigFile.xml</value>
        </NameValuePair>
        <NameValuePair>
            <name>CommonFilePath/IVRAppAuditSwitches</name>
            <value>/app/tibco/lookup_files/prd2/IVRAppAuditSwitches.xml</value>
        </NameValuePair>
        <NameValuePair>
            <name>CommonFilePath/IVRStatusCodes</name>
            <value>/app/tibco/lookup_files/prd2/IVRStatusCodes.xml</value>
        </NameValuePair>
        <NameValuePair>
            <name>CommonFilePath/InvMismatchThreshold</name>
            <value>/app/tibco/lookup_files/prd2/InvMismatchThreshold.xml</value>
        </NameValuePair>
        <NameValuePair>
            <name>CommonFilePath/ItemConcepts</name>
            <value>/app/tibco/lookup_files/prd2/ItemConcepts.xml</value>
        </NameValuePair>
        <NameValuePair>
            <name>CommonFilePath/ItemFeedConfig</name>
            <value>C:\TIBCODEV\TIBCOSharedResources\SharedResources\XMLFiles\ItemFeedConfig.xml</value>
        </NameValuePair>
        <NameValuePair>
            <name>CommonFilePath/LockCodes</name>
            <value>/app/tibco/lookup_files/prd2/LockCodes.xml</value>
        </NameValuePair>
        <NameValuePair>
            <name>CommonFilePath/ManufacturingStatuses</name>
            <value>/app/tibco/lookup_files/prd2/ManufacturingStatuses.xml</value>
        </NameValuePair>
        <NameValuePair>
            <name>CommonFilePath/OrgHierConcepts</name>
            <value>/app/tibco/lookup_files/prd2/OrgHierConcepts.xml</value>
        </NameValuePair>
        <NameValuePair>
            <name>CommonFilePath/OrgHierVWHs</name>
            <value>/app/tibco/lookup_files/prd2/OrgHierVWHs.xml</value>
        </NameValuePair>
        <NameValuePair>
            <name>CommonFilePath/OrgHierWHs</name>
            <value>/app/tibco/lookup_files/prd2/OrgHierWHs.xml</value>
        </NameValuePair>
        <NameValuePair>
            <name>CommonFilePath/POSReasonCodes</name>
            <value>/app/tibco/lookup_files/prd2/POSReasonCodes.xml</value>
        </NameValuePair>
        <NameValuePair>
            <name>CommonFilePath/PaymentTypes</name>
            <value>/app/tibco/lookup_files/prd2/PaymentTypes.xml</value>
        </NameValuePair>
        <NameValuePair>
            <name>CommonFilePath/PkMSCLEErrorDistroList</name>
            <value>/app/tibco/lookup_files/prd2/PkMSCLEErrorDistroList.xml</value>
        </NameValuePair>
        <NameValuePair>
            <name>CommonFilePath/RMSInventoryCodes</name>
            <value>/app/tibco/lookup_files/prd2/RMSInventoryCodes.xml</value>
        </NameValuePair>
        <NameValuePair>
            <name>CommonFilePath/RMSInventoryCodesForATP</name>
            <value>/app/tibco/lookup_files/prd2/RMSInventoryCodesForATP.xml</value>
        </NameValuePair>
        <NameValuePair>
            <name>CommonFilePath/RMSInventoryTypes</name>
            <value>/app/tibco/lookup_files/prd2/RMSInventoryTypes.xml</value>
        </NameValuePair>
        <NameValuePair>
            <name>CommonFilePath/RMSLocationVWHs</name>
            <value>/app/tibco/lookup_files/prd2/RMSLocationVWHs.xml</value>
        </NameValuePair>
        <NameValuePair>
            <name>CommonFilePath/RMSPOPaymentTerms</name>
            <value>/app/tibco/lookup_files/prd2/RMSPOPaymentTerms.xml</value>
        </NameValuePair>
        <NameValuePair>
            <name>CommonFilePath/RMSPOTPFilterListForGXS</name>
            <value>/app/tibco/lookup_files/prd2/RMSPOTPFilterListForGXS.xml</value>
        </NameValuePair>
        <NameValuePair>
            <name>CommonFilePath/RetQtyReasonCodes</name>
            <value>/app/tibco/lookup_files/prd2/RetQtyReasonCodes.xml</value>
        </NameValuePair>
        <NameValuePair>
            <name>CommonFilePath/ReturnsAppAuditSwitches</name>
            <value>/app/tibco/lookup_files/prd2/ReturnsAppAuditSwitches.xml</value>
        </NameValuePair>
        <NameValuePair>
            <name>CommonFilePath/SCACCodes</name>
            <value>/app/tibco/lookup_files/prd2/SCACCodes.xml</value>
        </NameValuePair>
        <NameValuePair>
            <name>CommonFilePath/ShipModes</name>
            <value>/app/tibco/lookup_files/prd2/ShipModes.xml</value>
        </NameValuePair>
        <NameValuePair>
            <name>CommonFilePath/ShipmentOptimizationCodes</name>
            <value>/app/tibco/lookup_files/prd2/ShipmentOptimizationCodes.xml</value>
        </NameValuePair>
        <NameValuePair>
            <name>CommonFilePath/SiteCodes</name>
            <value>/app/tibco/lookup_files/prd2/SiteCodes.xml</value>
        </NameValuePair>
        <NameValuePair>
            <name>CommonFilePath/SterlingUPSServiceCodes</name>
            <value>/app/tibco/lookup_files/prd2/SterlingUPSServiceCodes.xml</value>
        </NameValuePair>
        <NameValuePair>
            <name>CommonFilePath/StoreConcepts</name>
            <value>/app/tibco/lookup_files/prd2/StoreConcepts.xml</value>
        </NameValuePair>
        <NameValuePair>
            <name>CommonFilePath/UPSAppAuditSwitches</name>
            <value>/app/tibco/lookup_files/prd2/UPSAppAuditSwitches.xml</value>
        </NameValuePair>
        <NameValuePair>
            <name>CommonFilePath/UPSServiceCodes</name>
            <value>/app/tibco/lookup_files/prd2/UPSServiceCodes.xml</value>
        </NameValuePair>
        <NameValuePair>
            <name>CommonFilePath/WISMOAppAuditSwitches</name>
            <value>/app/tibco/lookup_files/prd2/WISMOAppAuditSwitches.xml</value>
        </NameValuePair>
        <NameValuePair>
            <name>CommonFilePath/WISSterlingStatusCode</name>
            <value>/app/tibco/lookup_files/prd2/SterlingStatusCodes.xml</value>
        </NameValuePair>
        <NameValuePair>
            <name>Constants/COL_AUDITMESSAGETYPE</name>
            <value>AuditMessageType</value>
        </NameValuePair>
        <NameValuePair>
            <name>Constants/COL_AVSStatus</name>
            <value>Status</value>
        </NameValuePair>
        <NameValuePair>
            <name>Constants/COL_AVSVerificationResult</name>
            <value>VerificationResult</value>
        </NameValuePair>
        <NameValuePair>
            <name>Constants/COL_CARRIER_NAME</name>
            <value>CarrierService</value>
        </NameValuePair>
        <NameValuePair>
            <name>Constants/COL_CARRIER_PKMSCarrService</name>
            <value>PKMSCarrierCode</value>
        </NameValuePair>
        <NameValuePair>
            <name>Constants/COL_CARRIER_PKMSCarrServiceCode</name>
            <value>PKMSCarrierServiceLevel</value>
        </NameValuePair>
        <NameValuePair>
            <name>Constants/COL_CARRIER_Sterling</name>
            <value>SterlingSCAC</value>
        </NameValuePair>
        <NameValuePair>
            <name>Constants/COL_CF_InvAdjFlag</name>
            <value>InvAdjFlag</value>
        </NameValuePair>
        <NameValuePair>
            <name>Constants/COL_CF_InvSnapshotFlag</name>
            <value>InvSnapshotFlag</value>
        </NameValuePair>
        <NameValuePair>
            <name>Constants/COL_CF_ItemFlag</name>
            <value>ItemFlag</value>
        </NameValuePair>
        <NameValuePair>
            <name>Constants/COL_COUNTRY_DTCMO</name>
            <value>DTCMOCountryCode</value>
        </NameValuePair>
        <NameValuePair>
            <name>Constants/COL_COUNTRY_NAME</name>
            <value>CountryName</value>
        </NameValuePair>
        <NameValuePair>
            <name>Constants/COL_COUNTRY_RMS</name>
            <value>RMSCountryCode</value>
        </NameValuePair>
        <NameValuePair>
            <name>Constants/COL_COUNTRY_Sterling</name>
            <value>SterlingCountryCode</value>
        </NameValuePair>
        <NameValuePair>
            <name>Constants/COL_INTERFACECODE</name>
            <value>InterfaceCode</value>
        </NameValuePair>
        <NameValuePair>
            <name>Constants/COL_INVTYPE_ATP_IND</name>
            <value>WSI_ATP_IND</value>
        </NameValuePair>
        <NameValuePair>
            <name>Constants/COL_INVTYPE_Forecast_IND</name>
            <value>WSI_Forecast_IND</value>
        </NameValuePair>
        <NameValuePair>
            <name>Constants/COL_INVTYPE_InvStatus</name>
            <value>InventoryStatus</value>
        </NameValuePair>
        <NameValuePair>
            <name>Constants/COL_INVTYPE_InvStatusDesc</name>
            <value>InventoryStatusDesc</value>
        </NameValuePair>
        <NameValuePair>
            <name>Constants/COL_ITEMCONCEPT_RMS</name>
            <value>RMSRetailZoneGroupId</value>
        </NameValuePair>
        <NameValuePair>
            <name>Constants/COL_ITEMCONCEPT_Sterling</name>
            <value>SterlingOrgCode</value>
        </NameValuePair>
        <NameValuePair>
            <name>Constants/COL_LOCKCODES_InvStatus</name>
            <value>InventoryStatus</value>
        </NameValuePair>
        <NameValuePair>
            <name>Constants/COL_LOCKCODES_InvStatusCode</name>
            <value>InventoryStatusCode</value>
        </NameValuePair>
        <NameValuePair>
            <name>Constants/COL_LOCKCODES_InvStatusCodeDesc</name>
            <value>InventoryStatusCodeDesc</value>
        </NameValuePair>
        <NameValuePair>
            <name>Constants/COL_LOCKCODES_InvStatusDesc</name>
            <value>InventoryStatusDesc</value>
        </NameValuePair>
        <NameValuePair>
            <name>Constants/COL_ORGHIERCONCEPT_ConceptName</name>
            <value>ConceptName</value>
        </NameValuePair>
        <NameValuePair>
            <name>Constants/COL_ORGHIERCONCEPT_DTCMO</name>
            <value>DTCMO_NHCNCP</value>
        </NameValuePair>
        <NameValuePair>
            <name>Constants/COL_ORGHIERCONCEPT_JDA</name>
            <value>JDA</value>
        </NameValuePair>
        <NameValuePair>
            <name>Constants/COL_ORGHIERCONCEPT_PKMS</name>
            <value>PKMSPersonalHoldExtract</value>
        </NameValuePair>
        <NameValuePair>
            <name>Constants/COL_ORGHIERCONCEPT_RMS</name>
            <value>RMSBanner</value>
        </NameValuePair>
        <NameValuePair>
            <name>Constants/COL_ORGHIERCONCEPT_SterlingOrgCode</name>
            <value>SterlingOrgCode</value>
        </NameValuePair>
        <NameValuePair>
            <name>Constants/COL_ORGHIERCONCEPT_SterlingSellerCode</name>
            <value>SterlingSellerCode</value>
        </NameValuePair>
        <NameValuePair>
            <name>Constants/COL_ORGHIERVWH_PKMSRMSVWH</name>
            <value>PKMSRMS_VWH</value>
        </NameValuePair>
        <NameValuePair>
            <name>Constants/COL_ORGHIERVWH_SterlingName</name>
            <value>SterlingName</value>
        </NameValuePair>
        <NameValuePair>
            <name>Constants/COL_ORGHIERVWH_SterlingOrgCode</name>
            <value>SterlingOrgCode</value>
        </NameValuePair>
        <NameValuePair>
            <name>Constants/COL_ORGHIERVWH_WHName</name>
            <value>WarehouseName</value>
        </NameValuePair>
        <NameValuePair>
            <name>Constants/COL_ORGHIERWH_DTCNode</name>
            <value>DTCNode</value>
        </NameValuePair>
        <NameValuePair>
            <name>Constants/COL_ORGHIERWH_PKMSPHExtract</name>
            <value>PKMSPersonalHoldExtract</value>
        </NameValuePair>
        <NameValuePair>
            <name>Constants/COL_ORGHIERWH_PKMSSRTT</name>
            <value>PKMS_SRTT</value>
        </NameValuePair>
        <NameValuePair>
            <name>Constants/COL_ORGHIERWH_RCOMPHYWH</name>
            <value>RCOMPhysicalWH</value>
        </NameValuePair>
        <NameValuePair>
            <name>Constants/COL_ORGHIERWH_RMSPHYWH</name>
            <value>RMSPhysicalWH</value>
        </NameValuePair>
        <NameValuePair>
            <name>Constants/COL_ORGHIERWH_SterlingNode</name>
            <value>SterlingNode</value>
        </NameValuePair>
        <NameValuePair>
            <name>Constants/COL_ORGHIERWH_WHName</name>
            <value>WarehouseName</value>
        </NameValuePair>
        <NameValuePair>
            <name>Constants/COL_PAYMENTTYPE_DTCMOPAYTYPE</name>
            <value>PayType</value>
        </NameValuePair>
        <NameValuePair>
            <name>Constants/COL_RMSINVCODEFORATP_ATP_IND</name>
            <value></value>
        </NameValuePair>
        <NameValuePair>
            <name>Constants/COL_RMSINVCODEFORATP_Forecast_IND</name>
            <value>WSI_Forecast_IND</value>
        </NameValuePair>
        <NameValuePair>
            <name>Constants/COL_RMSINVCODEFORATP_InvStatus</name>
            <value>InventoryStatus</value>
        </NameValuePair>
        <NameValuePair>
            <name>Constants/COL_RMSINVCODEFORATP_InvStatusCode</name>
            <value>InventoryStatusCode</value>
        </NameValuePair>
        <NameValuePair>
            <name>Constants/COL_RMSINVCODEFORATP_InvStatusCodeDesc</name>
            <value>InventoryStatusCodeDesc</value>
        </NameValuePair>
        <NameValuePair>
            <name>Constants/COL_RMSINVCODEFORATP_InvStatusDesc</name>
            <value>InventoryStatusDesc</value>
        </NameValuePair>
        <NameValuePair>
            <name>Constants/COL_RMSINVCODE_InvStatus</name>
            <value>InventoryStatus</value>
        </NameValuePair>
        <NameValuePair>
            <name>Constants/COL_RMSINVCODE_InvStatusCode</name>
            <value>InventoryStatusCode</value>
        </NameValuePair>
        <NameValuePair>
            <name>Constants/COL_RMSINVCODE_InvStatusCodeDesc</name>
            <value>InventoryStatusCodeDesc</value>
        </NameValuePair>
        <NameValuePair>
            <name>Constants/COL_RMSLOC_LOC</name>
            <value>Loc</value>
        </NameValuePair>
        <NameValuePair>
            <name>Constants/COL_SHIPMODE_DESC</name>
            <value>Description</value>
        </NameValuePair>
        <NameValuePair>
            <name>Constants/COL_SHIPMODE_PKMS</name>
            <value>PKMSCarrSvc</value>
        </NameValuePair>
        <NameValuePair>
            <name>Constants/COL_SHIPMODE_Sterling</name>
            <value>SterlingCarrSvc</value>
        </NameValuePair>
        <NameValuePair>
            <name>Constants/COL_SterlingOrgCode</name>
            <value>SterlingOrgCode</value>
        </NameValuePair>
        <NameValuePair>
            <name>Constants/COL_SterlingSupplyType</name>
            <value>SterlingSupplyType</value>
        </NameValuePair>
        <NameValuePair>
            <name>Constants/InterfaceTimeOut</name>
            <value>10</value>
        </NameValuePair>
        <NameValuePair>
            <name>Constants/TABLE_CARRIERS</name>
            <value>Carriers</value>
        </NameValuePair>
        <NameValuePair>
            <name>Constants/TABLE_CONCEPTFILTERS</name>
            <value>ConceptFilters</value>
        </NameValuePair>
        <NameValuePair>
            <name>Constants/TABLE_COUNTRIES</name>
            <value>Countries</value>
        </NameValuePair>
        <NameValuePair>
            <name>Constants/TABLE_ITEMCONCEPTS</name>
            <value>ItemConcepts</value>
        </NameValuePair>
        <NameValuePair>
            <name>Constants/TABLE_LOCKCODES</name>
            <value>LockCodes</value>
        </NameValuePair>
        <NameValuePair>
            <name>Constants/TABLE_ORGHIERCONCEPTS</name>
            <value>OrgHierConcepts</value>
        </NameValuePair>
        <NameValuePair>
            <name>Constants/TABLE_ORGHIERVWHS</name>
            <value>OrgHierVWHs</value>
        </NameValuePair>
        <NameValuePair>
            <name>Constants/TABLE_ORGHIERWHS</name>
            <value>OrgHierWHs</value>
        </NameValuePair>
        <NameValuePair>
            <name>Constants/TABLE_RMSINVENTORYCODES</name>
            <value>RMSInventoryCodes</value>
        </NameValuePair>
        <NameValuePair>
            <name>Constants/TABLE_RMSINVENTORYCODESFORATP</name>
            <value>RMSInventoryCodesForATP</value>
        </NameValuePair>
        <NameValuePair>
            <name>Constants/TABLE_RMSINVENTORYTYPES</name>
            <value>RMSInventoryTypes</value>
        </NameValuePair>
        <NameValuePair>
            <name>Constants/TABLE_RMSLOCATIONS</name>
            <value>RMSLocations</value>
        </NameValuePair>
        <NameValuePair>
            <name>Constants/TABLE_SHIPMODES</name>
            <value>ShipModes</value>
        </NameValuePair>
        <NameValuePair>
            <name>Constants/VALUE_DTCREQUEST</name>
            <value>DTCREQUEST</value>
        </NameValuePair>
        <NameValuePair>
            <name>Constants/VALUE_DTCRESPONSE</name>
            <value>DTCRESPONSE</value>
        </NameValuePair>
        <NameValuePair>
            <name>Constants/VALUE_ECOMMREQUEST</name>
            <value>ECOMMREQUEST</value>
        </NameValuePair>
        <NameValuePair>
            <name>Constants/VALUE_ECOMMRESPONSE</name>
            <value>ECOMMRESPONSE</value>
        </NameValuePair>
        <NameValuePair>
            <name>Constants/VALUE_STERLINGREQUEST</name>
            <value>STERLINGREQUEST</value>
        </NameValuePair>
        <NameValuePair>
            <name>Constants/VALUE_STERLINGRESPONSE</name>
            <value>STERLINGRESPONSE</value>
        </NameValuePair>
        <NameValuePair>
            <name>Constants/VALUE_STERRETURNREQUEST</name>
            <value>STERLINGRETURNREQUEST</value>
        </NameValuePair>
        <NameValuePair>
            <name>Constants/VALUE_UIREQUEST</name>
            <value>UIREQUEST</value>
        </NameValuePair>
        <NameValuePair>
            <name>Constants/VALUE_UIRESPONSE</name>
            <value>UIRESPONSE</value>
        </NameValuePair>
        <NameValuePair>
            <name>Constants/VALUE_UPSREQUEST</name>
            <value>UPSREQUEST</value>
        </NameValuePair>
        <NameValuePair>
            <name>Constants/VALUE_UPSRESPONSE</name>
            <value>UPSRESPONSE</value>
        </NameValuePair>
        <NameValuePairInteger>
            <name>DelayTimeforLastRecordToComplete</name>
            <value>10000</value>
        </NameValuePairInteger>
        <NameValuePair>
            <name>DirLedger</name>
            <value>.</value>
        </NameValuePair>
        <NameValuePair>
            <name>DirTrace</name>
            <value>.</value>
        </NameValuePair>
        <NameValuePair>
            <name>ECO_OMS_OrderFraudScreening-Synch/CLE/InterfaceCode</name>
            <value>ECO_OMS.ORDERFRAUDSCREENING</value>
        </NameValuePair>
        <NameValuePair>
            <name>ECO_OMS_OrderFraudScreening-Synch/CLE/TransactionDomain</name>
            <value>BADDEBT</value>
        </NameValuePair>
        <NameValuePair>
            <name>ECO_OMS_OrderFraudScreening-Synch/CLE/TransactionType</name>
            <value>ORDERFRAUDSCREENING</value>
        </NameValuePair>
        <NameValuePair>
            <name>ECO_OMS_OrderFraudScreening-Synch/CONSTANTS/BRACE_HEPHEN_SPACE</name>
            <value>()-</value>
        </NameValuePair>
        <NameValuePair>
            <name>ECO_OMS_OrderFraudScreening-Synch/CONSTANTS/CHARGE_TYPE_HANDLING</name>
            <value>handling</value>
        </NameValuePair>
        <NameValuePair>
            <name>ECO_OMS_OrderFraudScreening-Synch/CONSTANTS/CLEConstants/AuditAccRequestMessage</name>
            <value>ACCERTIFY REQUEST LOGGED</value>
        </NameValuePair>
        <NameValuePair>
            <name>ECO_OMS_OrderFraudScreening-Synch/CONSTANTS/CLEConstants/AuditAccResponseMessage</name>
            <value>ACCERTIFY RESPONSE LOGGED</value>
        </NameValuePair>
        <NameValuePair>
            <name>ECO_OMS_OrderFraudScreening-Synch/CONSTANTS/CLEConstants/AuditEndMessage</name>
            <value>ACCERTIFY RESPONSE SENT TO ACC_OMS.ORDEFRAUDSCREENING RESULT FOR FURTHER PROCESSING</value>
        </NameValuePair>
        <NameValuePair>
            <name>ECO_OMS_OrderFraudScreening-Synch/CONSTANTS/CLEConstants/AuditEndStatus</name>
            <value>SUCCESS</value>
        </NameValuePair>
        <NameValuePair>
            <name>ECO_OMS_OrderFraudScreening-Synch/CONSTANTS/CLEConstants/AuditExceptionMessage</name>
            <value>AN EXCEPTION OCCURED</value>
        </NameValuePair>
        <NameValuePair>
            <name>ECO_OMS_OrderFraudScreening-Synch/CONSTANTS/CLEConstants/AuditExceptionStatus</name>
            <value>EXCEPTION</value>
        </NameValuePair>
        <NameValuePair>
            <name>ECO_OMS_OrderFraudScreening-Synch/CONSTANTS/CLEConstants/AuditStartMessage</name>
            <value>FRAUD SCREENING REQUEST RECEIVED FROM ECOMMERCE</value>
        </NameValuePair>
        <NameValuePair>
            <name>ECO_OMS_OrderFraudScreening-Synch/CONSTANTS/CLEConstants/AuditStartStatus</name>
            <value>STARTED</value>
        </NameValuePair>
        <NameValuePair>
            <name>ECO_OMS_OrderFraudScreening-Synch/CONSTANTS/Exceptions/ECO_OMS.ORDERFRAUDSCREENING_100001</name>
            <value>ECO_OMS.ORDERFRAUDSCREENING_100001</value>
        </NameValuePair>
        <NameValuePair>
            <name>ECO_OMS_OrderFraudScreening-Synch/CONSTANTS/Exceptions/ECO_OMS.ORDERFRAUDSCREENING_100001_MSG</name>
            <value>AN EXCEPTION OCCURRED WHILE MAPPING ACCERTIFYREQUEST</value>
        </NameValuePair>
        <NameValuePair>
            <name>ECO_OMS_OrderFraudScreening-Synch/CONSTANTS/Exceptions/ECO_OMS.ORDERFRAUDSCREENING_100002</name>
            <value>ECO_OMS.ORDERFRAUDSCREENING_100002</value>
        </NameValuePair>
        <NameValuePair>
            <name>ECO_OMS_OrderFraudScreening-Synch/CONSTANTS/Exceptions/ECO_OMS.ORDERFRAUDSCREENING_100002_MSG</name>
            <value>XML PARSE EXCEPTION OCCURRED AT ORDER PARSING</value>
        </NameValuePair>
        <NameValuePair>
            <name>ECO_OMS_OrderFraudScreening-Synch/CONSTANTS/Exceptions/ECO_OMS.ORDERFRAUDSCREENING_100003</name>
            <value>ECO_OMS.ORDERFRAUDSCREENING_100003</value>
        </NameValuePair>
        <NameValuePair>
            <name>ECO_OMS_OrderFraudScreening-Synch/CONSTANTS/Exceptions/ECO_OMS.ORDERFRAUDSCREENING_100003_MSG</name>
            <value>XML PARSE ENCODING EXCEPTION OCCURRED</value>
        </NameValuePair>
        <NameValuePair>
            <name>ECO_OMS_OrderFraudScreening-Synch/CONSTANTS/Exceptions/ECO_OMS.ORDERFRAUDSCREENING_100004</name>
            <value>ECO_OMS.ORDERFRAUDSCREENING_100004</value>
        </NameValuePair>
        <NameValuePair>
            <name>ECO_OMS_OrderFraudScreening-Synch/CONSTANTS/Exceptions/ECO_OMS.ORDERFRAUDSCREENING_100004_MSG</name>
            <value>XML PARSE MISSING BYTES</value>
        </NameValuePair>
        <NameValuePair>
            <name>ECO_OMS_OrderFraudScreening-Synch/CONSTANTS/Exceptions/ECO_OMS.ORDERFRAUDSCREENING_100005</name>
            <value>ECO_OMS.ORDERFRAUDSCREENING_100005</value>
        </NameValuePair>
        <NameValuePair>
            <name>ECO_OMS_OrderFraudScreening-Synch/CONSTANTS/Exceptions/ECO_OMS.ORDERFRAUDSCREENING_100005_MSG</name>
            <value>XML PARSE SCHEMA VALIDATION FAILED</value>
        </NameValuePair>
        <NameValuePair>
            <name>ECO_OMS_OrderFraudScreening-Synch/CONSTANTS/Exceptions/ECO_OMS.ORDERFRAUDSCREENING_100006</name>
            <value>ECO_OMS.ORDERFRAUDSCREENING_100006</value>
        </NameValuePair>
        <NameValuePair>
            <name>ECO_OMS_OrderFraudScreening-Synch/CONSTANTS/Exceptions/ECO_OMS.ORDERFRAUDSCREENING_100006_MSG</name>
            <value>JSON REST EXCEPTION</value>
        </NameValuePair>
        <NameValuePair>
            <name>ECO_OMS_OrderFraudScreening-Synch/CONSTANTS/Exceptions/ECO_OMS.ORDERFRAUDSCREENING_100007</name>
            <value>ECO_OMS.ORDERFRAUDSCREENING_100007</value>
        </NameValuePair>
        <NameValuePair>
            <name>ECO_OMS_OrderFraudScreening-Synch/CONSTANTS/Exceptions/ECO_OMS.ORDERFRAUDSCREENING_100007_MSG</name>
            <value>Invoke REST ACTIVITY TIMED OUT EXCEPTION</value>
        </NameValuePair>
        <NameValuePair>
            <name>ECO_OMS_OrderFraudScreening-Synch/CONSTANTS/Exceptions/ECO_OMS.ORDERFRAUDSCREENING_100008</name>
            <value>ECO_OMS.ORDERFRAUDSCREENING_100008</value>
        </NameValuePair>
        <NameValuePair>
            <name>ECO_OMS_OrderFraudScreening-Synch/CONSTANTS/Exceptions/ECO_OMS.ORDERFRAUDSCREENING_100008_MSG</name>
            <value>JMS INVALID INPUT EXCEPTION OCCURRED</value>
        </NameValuePair>
        <NameValuePair>
            <name>ECO_OMS_OrderFraudScreening-Synch/CONSTANTS/Exceptions/ECO_OMS.ORDERFRAUDSCREENING_100009</name>
            <value>ECO_OMS.ORDERFRAUDSCREENING_100009</value>
        </NameValuePair>
        <NameValuePair>
            <name>ECO_OMS_OrderFraudScreening-Synch/CONSTANTS/Exceptions/ECO_OMS.ORDERFRAUDSCREENING_100009_MSG</name>
            <value>JMS MESSAGE CREATION EXCEPTION OCCURRED</value>
        </NameValuePair>
        <NameValuePair>
            <name>ECO_OMS_OrderFraudScreening-Synch/CONSTANTS/Exceptions/ECO_OMS.ORDERFRAUDSCREENING_100010</name>
            <value>ECO_OMS.ORDERFRAUDSCREENING_100010</value>
        </NameValuePair>
        <NameValuePair>
            <name>ECO_OMS_OrderFraudScreening-Synch/CONSTANTS/Exceptions/ECO_OMS.ORDERFRAUDSCREENING_100010_MSG</name>
            <value>JMS SESSION CREATE EXCEPTION OCCURRED</value>
        </NameValuePair>
        <NameValuePair>
            <name>ECO_OMS_OrderFraudScreening-Synch/CONSTANTS/Exceptions/ECO_OMS.ORDERFRAUDSCREENING_100011</name>
            <value>ECO_OMS.ORDERFRAUDSCREENING_100011</value>
        </NameValuePair>
        <NameValuePair>
            <name>ECO_OMS_OrderFraudScreening-Synch/CONSTANTS/Exceptions/ECO_OMS.ORDERFRAUDSCREENING_100011_MSG</name>
            <value>JMS SEND EXCEPTION OCCURRED</value>
        </NameValuePair>
        <NameValuePair>
            <name>ECO_OMS_OrderFraudScreening-Synch/CONSTANTS/Exceptions/ECO_OMS.ORDERFRAUDSCREENING_100012</name>
            <value>ECO_OMS.ORDERFRAUDSCREENING_100012</value>
        </NameValuePair>
        <NameValuePair>
            <name>ECO_OMS_OrderFraudScreening-Synch/CONSTANTS/Exceptions/ECO_OMS.ORDERFRAUDSCREENING_100012_MSG</name>
            <value>THE MESSAGE WAS RECEIVED BUT A PROCESSING ERROR OCCURRED</value>
        </NameValuePair>
        <NameValuePair>
            <name>ECO_OMS_OrderFraudScreening-Synch/CONSTANTS/Exceptions/ECO_OMS.ORDERFRAUDSCREENING_100013</name>
            <value>ECO_OMS.ORDERFRAUDSCREENING_100013</value>
        </NameValuePair>
        <NameValuePair>
            <name>ECO_OMS_OrderFraudScreening-Synch/CONSTANTS/Exceptions/ECO_OMS.ORDERFRAUDSCREENING_100013_MSG</name>
            <value>THE MESSAGE COULD NOT BE PROCESSED- XML FORMAT IS INVALID, CREDENTIALS ARE BAD, ETC</value>
        </NameValuePair>
        <NameValuePair>
            <name>ECO_OMS_OrderFraudScreening-Synch/CONSTANTS/Exceptions/ECO_OMS.ORDERFRAUDSCREENING_100014</name>
            <value>ECO_OMS.ORDERFRAUDSCREENING_100014</value>
        </NameValuePair>
        <NameValuePair>
            <name>ECO_OMS_OrderFraudScreening-Synch/CONSTANTS/Exceptions/ECO_OMS.ORDERFRAUDSCREENING_100014_MSG</name>
            <value>UNKNOWN EXCEPTION</value>
        </NameValuePair>
        <NameValuePair>
            <name>ECO_OMS_OrderFraudScreening-Synch/CONSTANTS/HttpRestTimeOut</name>
            <value>10000</value>
        </NameValuePair>
        <NameValuePair>
            <name>ECO_OMS_OrderFraudScreening-Synch/CONSTANTS/PAYMENT_TYPE_CREDITCARD</name>
            <value>CREDIT_CARD</value>
        </NameValuePair>
        <NameValuePair>
            <name>ECO_OMS_OrderFraudScreening-Synch/CONSTANTS/PAYMENT_TYPE_GIFTCARD</name>
            <value>GIFT_CARD</value>
        </NameValuePair>
        <NameValuePair>
            <name>ECO_OMS_OrderFraudScreening-Synch/CONSTANTS/PRICE_TYPE</name>
            <value>ItemPriceType</value>
        </NameValuePair>
        <NameValuePair>
            <name>ECO_OMS_OrderFraudScreening-Synch/CONSTANTS/ROLECONTACT_ROLE</name>
            <value>primary</value>
        </NameValuePair>
        <NameValuePairInteger>
            <name>ECO_OMS_OrderFraudScreening-Synch/CONSTANTS/TOTAL_FAILED_CC</name>
            <value>0</value>
        </NameValuePairInteger>
        <NameValuePair>
            <name>ECO_OMS_OrderFraudScreening-Synch/CONSTANTS/TOTAL_TYPE_ORDER</name>
            <value>order</value>
        </NameValuePair>
        <NameValuePair>
            <name>ECO_OMS_OrderFraudScreening-Synch/CONSTANTS/TOTAL_TYPE_TAX</name>
            <value>tax</value>
        </NameValuePair>
        <NameValuePair>
            <name>ECO_OMS_OrderFraudScreening-Synch/CONSTANTS/VALUEADDEDSERVICES_PROPERTY_NAME1</name>
            <value>message1</value>
        </NameValuePair>
        <NameValuePair>
            <name>ECO_OMS_OrderFraudScreening-Synch/CONSTANTS/VALUEADDEDSERVICES_PROPERTY_NAME2</name>
            <value>message2</value>
        </NameValuePair>
        <NameValuePair>
            <name>ECO_OMS_OrderFraudScreening-Synch/CONSTANTS/VALUEADDEDSERVICES_PROPERTY_NAME3</name>
            <value>message3</value>
        </NameValuePair>
        <NameValuePair>
            <name>ECO_OMS_OrderFraudScreening-Synch/CONSTANTS/VALUEADDEDSERVICES_PROPERTY_NAME4</name>
            <value>message4</value>
        </NameValuePair>
        <NameValuePair>
            <name>ECO_OMS_OrderFraudScreening-Synch/CONSTANTS/VALUEADDEDSERVICES_PROPERTY_NAME5</name>
            <value>message5</value>
        </NameValuePair>
        <NameValuePair>
            <name>ECO_OMS_OrderFraudScreening-Synch/CONSTANTS/VALUEADDEDSERVICES_PROPERTY_NAME6</name>
            <value>message6</value>
        </NameValuePair>
        <NameValuePair>
            <name>ECO_OMS_OrderFraudScreening-Synch/CONSTANTS/VALUEADDEDSERVICES_TYPE</name>
            <value>GiftMessage</value>
        </NameValuePair>
        <NameValuePair>
            <name>ECO_OMS_OrderFraudScreening-Synch/CONSTANTS/VFP_LP</name>
            <value>VFP_MATCH</value>
        </NameValuePair>
        <NameValuePair>
            <name>ECO_OMS_OrderFraudScreening-Synch/CONSTANTS/WSI_MKTG</name>
            <value>WSI_MKTG</value>
        </NameValuePair>
        <NameValuePairInteger>
            <name>ECO_OMS_OrderFraudScreening-Synch/JMS/JMSMaxSessions</name>
            <value>0</value>
        </NameValuePairInteger>
        <NameValuePair>
            <name>ECO_OMS_OrderFraudScreening-Synch/JMS/eCommerceMessageInQueueSuffix</name>
            <value>ECO.TIB.ORDERFRAUD.REQ.PUBLISH</value>
        </NameValuePair>
        <NameValuePair>
            <name>ENV</name>
            <value>PRD</value>
        </NameValuePair>
        <NameValuePair>
            <name>FTPConnections/LawsonFTP/ConnectionTimeout</name>
            <value>60000</value>
        </NameValuePair>
        <NameValuePair>
            <name>FTPConnections/LawsonFTP/Host</name>
            <value>no value</value>
        </NameValuePair>
        <NameValuePair>
            <name>FTPConnections/LawsonFTP/Mode</name>
            <value>Passive</value>
        </NameValuePair>
        <NameValuePair>
            <name>FTPConnections/LawsonFTP/Password</name>
            <value>no value</value>
        </NameValuePair>
        <NameValuePair>
            <name>FTPConnections/LawsonFTP/Port</name>
            <value>21</value>
        </NameValuePair>
        <NameValuePair>
            <name>FTPConnections/LawsonFTP/RemoteFilenameEncoding</name>
            <value>UTF-8</value>
        </NameValuePair>
        <NameValuePair>
            <name>FTPConnections/LawsonFTP/Username</name>
            <value>no value</value>
        </NameValuePair>
        <NameValuePair>
            <name>FTPConnections/RevRecFTP/ConnectionTimeout</name>
            <value>60000</value>
        </NameValuePair>
        <NameValuePair>
            <name>FTPConnections/RevRecFTP/Host</name>
            <value>no value</value>
        </NameValuePair>
        <NameValuePair>
            <name>FTPConnections/RevRecFTP/Mode</name>
            <value>Passive</value>
        </NameValuePair>
        <NameValuePair>
            <name>FTPConnections/RevRecFTP/Password</name>
            <value>no value</value>
        </NameValuePair>
        <NameValuePair>
            <name>FTPConnections/RevRecFTP/Port</name>
            <value>21</value>
        </NameValuePair>
        <NameValuePair>
            <name>FTPConnections/RevRecFTP/RemoteFilenameEncoding</name>
            <value>UTF-8</value>
        </NameValuePair>
        <NameValuePair>
            <name>FTPConnections/RevRecFTP/Username</name>
            <value>no value</value>
        </NameValuePair>
        <NameValuePair>
            <name>FTPConnections/TMSAPPFTP/Host</name>
            <value>rktmsdev12</value>
        </NameValuePair>
        <NameValuePair>
            <name>FTPConnections/TMSAPPFTP/Mode</name>
            <value>Passive</value>
        </NameValuePair>
        <NameValuePair>
            <name>FTPConnections/TMSAPPFTP/Password</name>
            <value>4FTP@wsgctms</value>
        </NameValuePair>
        <NameValuePair>
            <name>FTPConnections/TMSAPPFTP/Port</name>
            <value>21</value>
        </NameValuePair>
        <NameValuePair>
            <name>FTPConnections/TMSAPPFTP/RemoteFilenameEncoding</name>
            <value>ASCII</value>
        </NameValuePair>
        <NameValuePair>
            <name>FTPConnections/TMSAPPFTP/Username</name>
            <value>tmsftp</value>
        </NameValuePair>
        <NameValuePair>
            <name>HTTPConnections/ACC_OMS_OrderFraudScreening-Asynch/Host</name>
            <value>localhost</value>
        </NameValuePair>
        <NameValuePair>
            <name>HTTPConnections/ACC_OMS_OrderFraudScreening-Asynch/Port</name>
            <value>8122</value>
        </NameValuePair>
        <NameValuePair>
            <name>HTTPConnections/ACC_OMS_OrderFraudScreening-Asynch/ResourcePath</name>
            <value>QueryString</value>
        </NameValuePair>
        <NameValuePair>
            <name>HTTPConnections/ACC_OMS_OrderFraudScreening-Asynch/type</name>
            <value>http</value>
        </NameValuePair>
        <NameValuePair>
            <name>HTTPConnections/RMSOrgHierarchyService/Host</name>
            <value>webapptstmp1p</value>
        </NameValuePair>
        <NameValuePair>
            <name>HTTPConnections/RMSOrgHierarchyService/Port</name>
            <value>10022</value>
        </NameValuePair>
        <NameValuePair>
            <name>HTTPConnections/RMSOrgHierarchyService/URL</name>
            <value>/OrganizationHierarchyService/stores.xml</value>
        </NameValuePair>
        <NameValuePair>
            <name>HTTPConnections/WebServicesConnection/host</name>
            <value>localhost</value>
        </NameValuePair>
        <NameValuePair>
            <name>HTTPConnections/WebServicesConnection/port</name>
            <value>9091</value>
        </NameValuePair>
        <NameValuePair>
            <name>HawkEnabled</name>
            <value>false</value>
        </NameValuePair>
        <NameValuePair>
            <name>JDBCConnections/AXDB/DatabaseURL</name>
            <value>jdbc:tibcosoftwareinc:sqlserver://MPAXDEVSQL1:1433;databaseName=AX2009_Test</value>
        </NameValuePair>
        <NameValuePair>
            <name>JDBCConnections/AXDB/JDBCDriver</name>
            <value>tibcosoftwareinc.jdbc.sqlserver.SQLServerDriver</value>
        </NameValuePair>
        <NameValuePair>
            <name>JDBCConnections/AXDB/LoginTimeoutSec</name>
            <value>0</value>
        </NameValuePair>
        <NameValuePair>
            <name>JDBCConnections/AXDB/MaxConnections</name>
            <value>10</value>
        </NameValuePair>
        <NameValuePairPassword>
            <name>JDBCConnections/AXDB/Password</name>
            <value>#!oOHYEGve3MM2j7WPqreoLLHOIc/fInrP</value>
        </NameValuePairPassword>
        <NameValuePair>
            <name>JDBCConnections/AXDB/UserName</name>
            <value>tibcousr</value>
        </NameValuePair>
        <NameValuePair>
            <name>JDBCConnections/CLEDB/DatabaseURL</name>
            <value>jdbc:tibcosoftwareinc:oracle://ERRDBTSTMP1P:1521;SID=errsptst</value>
        </NameValuePair>
        <NameValuePairInteger>
            <name>JDBCConnections/CLEDB/MaximumRows</name>
            <value>500</value>
        </NameValuePairInteger>
        <NameValuePair>
            <name>JDBCConnections/CLEDB/NO_OF_CONNECTIONS</name>
            <value>20</value>
        </NameValuePair>
        <NameValuePairPassword>
            <name>JDBCConnections/CLEDB/Password</name>
            <value>#!7wnxm3SFvNoTDY63IVgGnD5sUoiEn40OWcvBOR/KxbU=</value>
        </NameValuePairPassword>
        <NameValuePairInteger>
            <name>JDBCConnections/CLEDB/TimeOut</name>
            <value>900</value>
        </NameValuePairInteger>
        <NameValuePair>
            <name>JDBCConnections/CLEDB/UserName</name>
            <value>cleh_stst</value>
        </NameValuePair>
        <NameValuePair>
            <name>JDBCConnections/CheckpointDB/DatabaseURL</name>
            <value>jdbc:tibcosoftwareinc:oracle://errdbprdrk1p:1521;SID=tibprd</value>
        </NameValuePair>
        <NameValuePair>
            <name>JDBCConnections/CheckpointDB/JDBCDriver</name>
            <value>tibcosoftwareinc.jdbc.oracle.OracleDriver</value>
        </NameValuePair>
        <NameValuePair>
            <name>JDBCConnections/CheckpointDB/LoginTimeoutSec</name>
            <value>10</value>
        </NameValuePair>
        <NameValuePair>
            <name>JDBCConnections/CheckpointDB/MaxConnections</name>
            <value>10</value>
        </NameValuePair>
        <NameValuePairPassword>
            <name>JDBCConnections/CheckpointDB/Password</name>
            <value>#!CKJ19JqQKp7FIOk4K3dXMLbWYc52ZhaqWyhp3n17hjw=</value>
        </NameValuePairPassword>
        <NameValuePair>
            <name>JDBCConnections/CheckpointDB/UserName</name>
            <value>tib_prd0</value>
        </NameValuePair>
        <NameValuePair>
            <name>JDBCConnections/OMSSterlingDB/DatabaseURL</name>
            <value>jdbc:tibcosoftwareinc:oracle://scomdbdevmp1p:1521;SID=yandev</value>
        </NameValuePair>
        <NameValuePair>
            <name>JDBCConnections/OMSSterlingDB/JDBCDriver</name>
            <value>tibcosoftwareinc.jdbc.oracle.OracleDriver</value>
        </NameValuePair>
        <NameValuePair>
            <name>JDBCConnections/OMSSterlingDB/LoginTimeoutSec</name>
            <value>10</value>
        </NameValuePair>
        <NameValuePair>
            <name>JDBCConnections/OMSSterlingDB/MaxConnections</name>
            <value>10</value>
        </NameValuePair>
        <NameValuePairPassword>
            <name>JDBCConnections/OMSSterlingDB/Password</name>
            <value>#!2VOMa2DUsNJg0TA5R597HOqGNynveewFdPu6iZtR3Hg=</value>
        </NameValuePairPassword>
        <NameValuePair>
            <name>JDBCConnections/OMSSterlingDB/UserName</name>
            <value>yantra_dev1_owner</value>
        </NameValuePair>
        <NameValuePair>
            <name>JDBCConnections/PKMSDB/DatabaseURL</name>
            <value>jdbc:tibcosoftwareinc:db2://memphis2.wsgc.com:446;LocationName=memphis2</value>
        </NameValuePair>
        <NameValuePair>
            <name>JDBCConnections/PKMSDB/JDBCDriver</name>
            <value>tibcosoftwareinc.jdbc.db2.DB2Driver</value>
        </NameValuePair>
        <NameValuePair>
            <name>JDBCConnections/PKMSDB/LoginTimeOut</name>
            <value>0</value>
        </NameValuePair>
        <NameValuePair>
            <name>JDBCConnections/PKMSDB/MaxConnections</name>
            <value>10</value>
        </NameValuePair>
        <NameValuePair>
            <name>JDBCConnections/PKMSDB/Password</name>
            <value>returns10</value>
        </NameValuePair>
        <NameValuePair>
            <name>JDBCConnections/PKMSDB/UserName</name>
            <value>TIBCODATA2</value>
        </NameValuePair>
        <NameValuePair>
            <name>JDBCConnections/RMSDB/DatabaseURL</name>
            <value>jdbc:tibcosoftwareinc:oracle://rmsdbprdrk1p.wsgc.com:1521;SID=rmsprd;EnableCancelTimeout=true;</value>
        </NameValuePair>
        <NameValuePair>
            <name>JDBCConnections/RMSDB/JDBCDriver</name>
            <value>tibcosoftwareinc.jdbc.oracle.OracleDriver</value>
        </NameValuePair>
        <NameValuePair>
            <name>JDBCConnections/RMSDB/LoginTimeoutSec</name>
            <value>10</value>
        </NameValuePair>
        <NameValuePair>
            <name>JDBCConnections/RMSDB/MaxConnections</name>
            <value>10</value>
        </NameValuePair>
        <NameValuePairPassword>
            <name>JDBCConnections/RMSDB/Password</name>
            <value>#!mIld5hpArzJs+n6QuKq3+BBVHvzR+5Sc+4zjzZI+RE0=</value>
        </NameValuePairPassword>
        <NameValuePair>
            <name>JDBCConnections/RMSDB/UserName</name>
            <value>rms_owner</value>
        </NameValuePair>
        <NameValuePair>
            <name>JDBCConnections/RMSDBThin/DatabaseURL</name>
            <value>jdbc:oracle:thin:@rmsdbprdrk1p:1521:rmsprd;EnableCancelTimeout=true;</value>
        </NameValuePair>
        <NameValuePair>
            <name>JDBCConnections/RMSDBThin/JDBCDriverThin</name>
            <value>oracle.jdbc.driver.OracleDriver</value>
        </NameValuePair>
        <NameValuePair>
            <name>JDBCConnections/RMSDBThin/LoginTimeoutSec</name>
            <value>10</value>
        </NameValuePair>
        <NameValuePair>
            <name>JDBCConnections/RMSDBThin/MaxConnections</name>
            <value>50</value>
        </NameValuePair>
        <NameValuePairPassword>
            <name>JDBCConnections/RMSDBThin/Password</name>
            <value>#!RyRHELTf4KaIY4QBoCb9D3LhZVqESQ3xB7/fzMpv0eU=</value>
        </NameValuePairPassword>
        <NameValuePair>
            <name>JDBCConnections/RMSDBThin/Username</name>
            <value>rms_owner</value>
        </NameValuePair>
        <NameValuePair>
            <name>JDBCConnections/RMSDEV2/DatabaseURL</name>
            <value>jdbc:oracle:thin:@rmsdbdevmp1p:1521:rmsdev2</value>
        </NameValuePair>
        <NameValuePair>
            <name>JDBCConnections/RMSDEV2/JDBCDriver</name>
            <value>oracle.jdbc.driver.OracleDriver (thin)</value>
        </NameValuePair>
        <NameValuePair>
            <name>JDBCConnections/RMSDEV2/LoginTimeoutSec</name>
            <value>10</value>
        </NameValuePair>
        <NameValuePair>
            <name>JDBCConnections/RMSDEV2/MaxConnections</name>
            <value>10</value>
        </NameValuePair>
        <NameValuePairPassword>
            <name>JDBCConnections/RMSDEV2/Password</name>
            <value>#!1/FeWZJ7wrtCZegYzpU6oX5WwGJfOA183HWApsKO29M=</value>
        </NameValuePairPassword>
        <NameValuePair>
            <name>JDBCConnections/RMSDEV2/UserName</name>
            <value>RMS_OWNER</value>
        </NameValuePair>
        <NameValuePair>
            <name>JDBCConnections/ReturnDB/DatabaseURL</name>
            <value>jdbc:tibcosoftwareinc:oracle://scomdbprdrk5p:1521;SID=yanprd3</value>
        </NameValuePair>
        <NameValuePair>
            <name>JDBCConnections/ReturnDB/JDBCDriver</name>
            <value>tibcosoftwareinc.jdbc.oracle.OracleDriver</value>
        </NameValuePair>
        <NameValuePair>
            <name>JDBCConnections/ReturnDB/LoginTimeoutSec</name>
            <value>10</value>
        </NameValuePair>
        <NameValuePair>
            <name>JDBCConnections/ReturnDB/MaxConnections</name>
            <value>10</value>
        </NameValuePair>
        <NameValuePairPassword>
            <name>JDBCConnections/ReturnDB/Password</name>
            <value>#!gkBZqVAaIscyfa1uH4wQlt1XbdlnLVgOCRVLP3g+6HY=</value>
        </NameValuePairPassword>
        <NameValuePair>
            <name>JDBCConnections/ReturnDB/UserName</name>
            <value>return_owner</value>
        </NameValuePair>
        <NameValuePair>
            <name>JDBCConnections/ReturnsAppUIDB/DatabaseURL</name>
            <value>jdbc:oracle:thin:@(DESCRIPTION=(ADDRESS_LIST=(ADDRESS=(PROTOCOL=TCP)(HOST=scomdbprdrk5p-vip)(PORT=1521))(ADDRESS=(PROTOCOL=TCP)(HOST=scomdbprdrk6p-vip)(PORT=1521)))(LOAD_BALANCE=yes)(CONNECT_DATA=(SERVER=DEDICATED)(SERVICE_NAME=yanprd_srvc)(FAILOVER_MODE=(TYPE=SELECT)(METHOD=BASIC)(RETRIES=180)(DELAY=5))))</value>
        </NameValuePair>
        <NameValuePair>
            <name>JDBCConnections/ReturnsAppUIDB/JDBCDriver</name>
            <value>tibcosoftwareinc.jdbc.oracle.OracleDriver</value>
        </NameValuePair>
        <NameValuePair>
            <name>JDBCConnections/ReturnsAppUIDB/LoginTimeoutSec</name>
            <value>10</value>
        </NameValuePair>
        <NameValuePair>
            <name>JDBCConnections/ReturnsAppUIDB/MaxConnections</name>
            <value>10</value>
        </NameValuePair>
        <NameValuePairPassword>
            <name>JDBCConnections/ReturnsAppUIDB/Password</name>
            <value>#!GvolfvFkwN0wY7obVIUQkcdwIw0ZMXuwzkYUk+rYigI=</value>
        </NameValuePairPassword>
        <NameValuePair>
            <name>JDBCConnections/ReturnsAppUIDB/UserName</name>
            <value>return_owner</value>
        </NameValuePair>
        <NameValuePair>
            <name>JDBCConnections/SterlingDB/DatabaseURL</name>
            <value>jdbc:oracle:thin:@(DESCRIPTION=(ADDRESS_LIST=(ADDRESS=(PROTOCOL=TCP)(HOST=scomdbprdrk5p-vip)(PORT=1521))(ADDRESS=(PROTOCOL=TCP)(HOST=scomdbprdrk6p-vip)(PORT=1521)))(LOAD_BALANCE=yes)(CONNECT_DATA=(SERVER=DEDICATED)(SERVICE_NAME=yanprd_srvc)(FAILOVER_MODE=(TYPE=SELECT)(METHOD=BASIC)(RETRIES=180)(DELAY=5))))</value>
        </NameValuePair>
        <NameValuePair>
            <name>JDBCConnections/SterlingDB/JDBCDriver</name>
            <value>tibcosoftwareinc.jdbc.oracle.OracleDriver</value>
        </NameValuePair>
        <NameValuePair>
            <name>JDBCConnections/SterlingDB/LoginTimeoutSec</name>
            <value>10</value>
        </NameValuePair>
        <NameValuePair>
            <name>JDBCConnections/SterlingDB/MaxConnections</name>
            <value>10</value>
        </NameValuePair>
        <NameValuePairPassword>
            <name>JDBCConnections/SterlingDB/Password</name>
            <value>#!PfOlgs5nUQk+I6HjkcqdGeep+ZYvGMqzD3UvO/Yw9aA=</value>
        </NameValuePairPassword>
        <NameValuePair>
            <name>JDBCConnections/SterlingDB/UserName</name>
            <value>yantra_owner</value>
        </NameValuePair>
        <NameValuePair>
            <name>JDBCConnections/TMSDB/DatabaseURL</name>
            <value>jdbc:tibcosoftwareinc:oracle://tmsdevrk1p:1521;SID=tmsdev</value>
        </NameValuePair>
        <NameValuePair>
            <name>JDBCConnections/TMSDB/JDBCDriver</name>
            <value>tibcosoftwareinc.jdbc.oracle.OracleDriver</value>
        </NameValuePair>
        <NameValuePair>
            <name>JDBCConnections/TMSDB/LoginTimeoutSec</name>
            <value>300</value>
        </NameValuePair>
        <NameValuePair>
            <name>JDBCConnections/TMSDB/MaxConnections</name>
            <value>10</value>
        </NameValuePair>
        <NameValuePairPassword>
            <name>JDBCConnections/TMSDB/Password</name>
            <value>#!X+h6gJirKddfmGKTm36kW1zh4wNhg3aa</value>
        </NameValuePairPassword>
        <NameValuePair>
            <name>JDBCConnections/TMSDB/UserName</name>
            <value>tmmgr</value>
        </NameValuePair>
        <NameValuePair>
            <name>JMSConnections/EMSCLE/JMSProviderURL</name>
            <value>tcp://tibintprdrk17p.wsgc.com:60001,tcp://tibintprdrk18p.wsgc.com:60001</value>
        </NameValuePair>
        <NameValuePair>
            <name>JMSConnections/EMSCLE/JMSSSLProviderURL</name>
            <value></value>
        </NameValuePair>
        <NameValuePair>
            <name>JMSConnections/EMSCLE/JNDIContextFactory</name>
            <value>com.tibco.tibjms.naming.TibjmsInitialContextFactory</value>
        </NameValuePair>
        <NameValuePair>
            <name>JMSConnections/EMSCLE/JNDIContextURL</name>
            <value>tibjmsnaming://tibintprdrk17p:60001,tibjmsnaming://tibintprdrk18p.wsgc.com:60001</value>
        </NameValuePair>
        <NameValuePairPassword>
            <name>JMSConnections/EMSCLE/JNDIPassword</name>
            <value>#!I8aTbrvQEFcervFBVCGSqbZTutFR64fYxyxU/3Uy92k=</value>
        </NameValuePairPassword>
        <NameValuePair>
            <name>JMSConnections/EMSCLE/JNDIUserName</name>
            <value>emsappusr</value>
        </NameValuePair>
        <NameValuePairPassword>
            <name>JMSConnections/EMSCLE/Password</name>
            <value>#!AMgdwhV6JnRX9t5SKBeiYiyn3EYe164bHk66FYceCSk=</value>
        </NameValuePairPassword>
        <NameValuePair>
            <name>JMSConnections/EMSCLE/QueueConnectionFactory</name>
            <value>QueueConnectionFactory</value>
        </NameValuePair>
        <NameValuePair>
            <name>JMSConnections/EMSCLE/TopicConnectionFactory</name>
            <value>TopicConnectionFactory</value>
        </NameValuePair>
        <NameValuePair>
            <name>JMSConnections/EMSCLE/UserName</name>
            <value>emsappusr</value>
        </NameValuePair>
        <NameValuePair>
            <name>JMSConnections/EMSDEV2/JMSProviderURL</name>
            <value>tcp://tibintdevmp1p:41000</value>
        </NameValuePair>
        <NameValuePair>
            <name>JMSConnections/EMSDEV2/JNDIContextFactory</name>
            <value>com.tibco.tibjms.naming.TibjmsInitialContextFactory</value>
        </NameValuePair>
        <NameValuePair>
            <name>JMSConnections/EMSDEV2/JNDIContextURL</name>
            <value>tibjmsnaming://tibintdevmp1p:41000</value>
        </NameValuePair>
        <NameValuePairPassword>
            <name>JMSConnections/EMSDEV2/JNDIPassword</name>
            <value>#!wM0+w4hM0lN7j6WxTlQwx0LZDRRvUb3ogIHZAg8Bppg=</value>
        </NameValuePairPassword>
        <NameValuePair>
            <name>JMSConnections/EMSDEV2/JNDIUserName</name>
            <value>admin</value>
        </NameValuePair>
        <NameValuePairPassword>
            <name>JMSConnections/EMSDEV2/Password</name>
            <value>#!fPgIcO6K/WRF9osjJUmB2gttrv/HihFqI2Bjosqg7MY=</value>
        </NameValuePairPassword>
        <NameValuePair>
            <name>JMSConnections/EMSDEV2/QueueConnectionFactory</name>
            <value>QueueConnectionFactory</value>
        </NameValuePair>
        <NameValuePair>
            <name>JMSConnections/EMSDEV2/TopicConnectionFactory</name>
            <value>TopicConnectionFactory</value>
        </NameValuePair>
        <NameValuePair>
            <name>JMSConnections/EMSDEV2/UserName</name>
            <value>admin</value>
        </NameValuePair>
        <NameValuePair>
            <name>JMSConnections/EMSECOM/JMSProviderURL</name>
            <value>tcp://tibintprdrk11p.wsgc.com:60000,tcp://tibintprdrk12p.wsgc.com:60000</value>
        </NameValuePair>
        <NameValuePair>
            <name>JMSConnections/EMSECOM/JMSSSLProviderURL</name>
            <value></value>
        </NameValuePair>
        <NameValuePair>
            <name>JMSConnections/EMSECOM/JNDIContextFactory</name>
            <value>com.tibco.tibjms.naming.TibjmsInitialContextFactory</value>
        </NameValuePair>
        <NameValuePair>
            <name>JMSConnections/EMSECOM/JNDIContextURL</name>
            <value>tibjmsnaming://tibintprdrk11p.wsgc.com:60000,tibjmsnaming://tibintprdrk12p.wsgc.com:60000</value>
        </NameValuePair>
        <NameValuePairPassword>
            <name>JMSConnections/EMSECOM/JNDIPassword</name>
            <value>#!uWCOJK8et3DLbV18ftYpZ+0YI9rOwAEY9uktouKQhTo=</value>
        </NameValuePairPassword>
        <NameValuePair>
            <name>JMSConnections/EMSECOM/JNDIUserName</name>
            <value>emsappusr</value>
        </NameValuePair>
        <NameValuePairPassword>
            <name>JMSConnections/EMSECOM/Password</name>
            <value>#!7f0vcNOd26fsoa0PGhhfUqJVRp74zHkpQ6dRxHI5KIo=</value>
        </NameValuePairPassword>
        <NameValuePair>
            <name>JMSConnections/EMSECOM/QueueConnectionFactory</name>
            <value>QueueConnectionFactory</value>
        </NameValuePair>
        <NameValuePair>
            <name>JMSConnections/EMSECOM/TopicConnectionFactory</name>
            <value>TopicConnectionFactory</value>
        </NameValuePair>
        <NameValuePair>
            <name>JMSConnections/EMSECOM/UserName</name>
            <value>emsappusr</value>
        </NameValuePair>
        <NameValuePair>
            <name>JMSConnections/EMSMain/JMSProviderURL</name>
            <value>tcp://tibintprdrk11p.wsgc.com:60000,tcp://tibintprdrk12p.wsgc.com:60000</value>
        </NameValuePair>
        <NameValuePair>
            <name>JMSConnections/EMSMain/JMSSSLProviderURL</name>
            <value></value>
        </NameValuePair>
        <NameValuePair>
            <name>JMSConnections/EMSMain/JNDIContextFactory</name>
            <value>com.tibco.tibjms.naming.TibjmsInitialContextFactory</value>
        </NameValuePair>
        <NameValuePair>
            <name>JMSConnections/EMSMain/JNDIContextURL</name>
            <value>tibjmsnaming://tibintprdrk11p.wsgc.com:60000,tibjmsnaming://tibintprdrk12p.wsgc.com:60000</value>
        </NameValuePair>
        <NameValuePairPassword>
            <name>JMSConnections/EMSMain/JNDIPassword</name>
            <value>#!ke+CJ4tjcEzhTa8YhZCTdMCEET8pLc5G4Hb0aznt/NQ=</value>
        </NameValuePairPassword>
        <NameValuePair>
            <name>JMSConnections/EMSMain/JNDIUserName</name>
            <value>emsappusr</value>
        </NameValuePair>
        <NameValuePairPassword>
            <name>JMSConnections/EMSMain/Password</name>
            <value>#!vLfKEEQ+tqr6dn+eh9o4uBlNtWrLXWysyRUpmM7o6lE=</value>
        </NameValuePairPassword>
        <NameValuePair>
            <name>JMSConnections/EMSMain/QueueConnectionFactory</name>
            <value>QueueConnectionFactory</value>
        </NameValuePair>
        <NameValuePair>
            <name>JMSConnections/EMSMain/TopicConnectionFactory</name>
            <value>TopicConnectionFactory</value>
        </NameValuePair>
        <NameValuePair>
            <name>JMSConnections/EMSMain/UserName</name>
            <value>emsappusr</value>
        </NameValuePair>
        <NameValuePair>
            <name>JMSConnections/EMSPOS/JMSProviderURL</name>
            <value>tcp://tibintprdrk17p.wsgc.com:60000,tcp://tibintprdrk18p.wsgc.com:60000</value>
        </NameValuePair>
        <NameValuePair>
            <name>JMSConnections/EMSPOS/JMSSSLProviderURL</name>
            <value></value>
        </NameValuePair>
        <NameValuePair>
            <name>JMSConnections/EMSPOS/JNDIContextFactory</name>
            <value>com.tibco.tibjms.naming.TibjmsInitialContextFactory</value>
        </NameValuePair>
        <NameValuePair>
            <name>JMSConnections/EMSPOS/JNDIContextURL</name>
            <value>tibjmsnaming://tibintprdrk17p.wsgc.com:60000,tibjmsnaming://tibintprdrk18p.wsgc.com:60000</value>
        </NameValuePair>
        <NameValuePairPassword>
            <name>JMSConnections/EMSPOS/JNDIPassword</name>
            <value>#!nAOPnjs5h4wRvrSRqN4VeF8DWyIrg0WvhUxUqL27tk4=</value>
        </NameValuePairPassword>
        <NameValuePair>
            <name>JMSConnections/EMSPOS/JNDIUserName</name>
            <value>emsappusr</value>
        </NameValuePair>
        <NameValuePairPassword>
            <name>JMSConnections/EMSPOS/Password</name>
            <value>#!pd1QRrYWeOdoiLOv/etyIFgfj1hI13GvHAGOk47Fq8U=</value>
        </NameValuePairPassword>
        <NameValuePair>
            <name>JMSConnections/EMSPOS/QueueConnectionFactory</name>
            <value>QueueConnectionFactory</value>
        </NameValuePair>
        <NameValuePair>
            <name>JMSConnections/EMSPOS/TopicConnectionFactory</name>
            <value>TopicConnectionFactory</value>
        </NameValuePair>
        <NameValuePair>
            <name>JMSConnections/EMSPOS/UserName</name>
            <value>emsappusr</value>
        </NameValuePair>
        <NameValuePair>
            <name>JMSConnections/EMSReturnsApp/JMSProviderURL</name>
            <value>tcp://tibintprdrk17p.wsgc.com:60000,tcp://tibintprdrk18p.wsgc.com:60000</value>
        </NameValuePair>
        <NameValuePair>
            <name>JMSConnections/EMSReturnsApp/JMSSSLProviderURL</name>
            <value></value>
        </NameValuePair>
        <NameValuePair>
            <name>JMSConnections/EMSReturnsApp/JNDIContextFactory</name>
            <value>com.tibco.tibjms.naming.TibjmsInitialContextFactory</value>
        </NameValuePair>
        <NameValuePair>
            <name>JMSConnections/EMSReturnsApp/JNDIContextURL</name>
            <value>tibjmsnaming://tibintprdrk17p.wsgc.com:60000,tibjmsnaming://tibintprdrk18p.wsgc.com:60000</value>
        </NameValuePair>
        <NameValuePairPassword>
            <name>JMSConnections/EMSReturnsApp/JNDIPassword</name>
            <value>#!0n7vtFnmcdQz+Ln+0T+wO1Ns73azJfFRHDUDbDbzf2I=</value>
        </NameValuePairPassword>
        <NameValuePair>
            <name>JMSConnections/EMSReturnsApp/JNDIUserName</name>
            <value>emsappusr</value>
        </NameValuePair>
        <NameValuePairPassword>
            <name>JMSConnections/EMSReturnsApp/Password</name>
            <value>#!CoNpxUkYCIJgPDrk3x07Sxb2QAq3p4LqpSwxvFQGGak=</value>
        </NameValuePairPassword>
        <NameValuePair>
            <name>JMSConnections/EMSReturnsApp/QueueConnectionFactory</name>
            <value>QueueConnectionFactory</value>
        </NameValuePair>
        <NameValuePair>
            <name>JMSConnections/EMSReturnsApp/TopicConnectionFactory</name>
            <value>TopicConnectionFactory</value>
        </NameValuePair>
        <NameValuePair>
            <name>JMSConnections/EMSReturnsApp/UserName</name>
            <value>emsappusr</value>
        </NameValuePair>
        <NameValuePair>
            <name>JMSConnections/EMSSterling/JMSProviderURL</name>
            <value>tcp://tibintprdrk17p.wsgc.com:60003,tcp://tibintprdrk18p.wsgc.com:60003</value>
        </NameValuePair>
        <NameValuePair>
            <name>JMSConnections/EMSSterling/JMSSSLProviderURL</name>
            <value></value>
        </NameValuePair>
        <NameValuePair>
            <name>JMSConnections/EMSSterling/JNDIContextFactory</name>
            <value>com.tibco.tibjms.naming.TibjmsInitialContextFactory</value>
        </NameValuePair>
        <NameValuePair>
            <name>JMSConnections/EMSSterling/JNDIContextURL</name>
            <value>tibjmsnaming://tibintprdrk17p.wsgc.com:60003,tibjmsnaming://tibintprdrk18p.wsgc.com:60003</value>
        </NameValuePair>
        <NameValuePairPassword>
            <name>JMSConnections/EMSSterling/JNDIPassword</name>
            <value>#!o5puaA/+naOtaHVV12HolAh4WVrx7dgRK/DsVQQmwgs=</value>
        </NameValuePairPassword>
        <NameValuePair>
            <name>JMSConnections/EMSSterling/JNDIUserName</name>
            <value>emsappusr</value>
        </NameValuePair>
        <NameValuePairPassword>
            <name>JMSConnections/EMSSterling/Password</name>
            <value>#!RXcLt7dNu46QdSOED1eSkpmZRblEQPAZFXJeBz18HxY=</value>
        </NameValuePairPassword>
        <NameValuePair>
            <name>JMSConnections/EMSSterling/QueueConnectionFactory</name>
            <value>QueueConnectionFactory</value>
        </NameValuePair>
        <NameValuePair>
            <name>JMSConnections/EMSSterling/TopicConnectionFactory</name>
            <value>TopicConnectionFactory</value>
        </NameValuePair>
        <NameValuePair>
            <name>JMSConnections/EMSSterling/UserName</name>
            <value>emsappusr</value>
        </NameValuePair>
        <NameValuePair>
            <name>JMSConnections/PKMSMQ/JMSProviderURL</name>
            <value></value>
        </NameValuePair>
        <NameValuePair>
            <name>JMSConnections/PKMSMQ/JMSSSLProviderURL</name>
            <value></value>
        </NameValuePair>
        <NameValuePair>
            <name>JMSConnections/PKMSMQ/JNDIContextFactory</name>
            <value>com.sun.jndi.fscontext.RefFSContextFactory</value>
        </NameValuePair>
        <NameValuePair>
            <name>JMSConnections/PKMSMQ/JNDIContextURL</name>
            <value>file:/app/tibco/MQSeries/JNDI/prd-1415</value>
        </NameValuePair>
        <NameValuePairPassword>
            <name>JMSConnections/PKMSMQ/JNDIPassword</name>
            <value></value>
        </NameValuePairPassword>
        <NameValuePair>
            <name>JMSConnections/PKMSMQ/JNDIUserName</name>
            <value></value>
        </NameValuePair>
        <NameValuePairPassword>
            <name>JMSConnections/PKMSMQ/Password</name>
            <value></value>
        </NameValuePairPassword>
        <NameValuePair>
            <name>JMSConnections/PKMSMQ/QueueConnectionFactory</name>
            <value>TIBQCF</value>
        </NameValuePair>
        <NameValuePair>
            <name>JMSConnections/PKMSMQ/UserName</name>
            <value>mqm</value>
        </NameValuePair>
        <NameValuePair>
            <name>JMSConnections/RMSSBYN/JMSProviderURL</name>
            <value></value>
        </NameValuePair>
        <NameValuePair>
            <name>JMSConnections/RMSSBYN/JMSSSLProviderURL</name>
            <value></value>
        </NameValuePair>
        <NameValuePair>
            <name>JMSConnections/RMSSBYN/JNDIContextFactory</name>
            <value>com.sun.jndi.fscontext.RefFSContextFactory</value>
        </NameValuePair>
        <NameValuePair>
            <name>JMSConnections/RMSSBYN/JNDIContextURL</name>
            <value>file:///C:/2007PSG/Williams-Sonoma/BWProjects/SeaBeyondJNDI/DEV3</value>
        </NameValuePair>
        <NameValuePairPassword>
            <name>JMSConnections/RMSSBYN/JNDIPassword</name>
            <value></value>
        </NameValuePairPassword>
        <NameValuePair>
            <name>JMSConnections/RMSSBYN/JNDIUserName</name>
            <value></value>
        </NameValuePair>
        <NameValuePairPassword>
            <name>JMSConnections/RMSSBYN/Password</name>
            <value></value>
        </NameValuePairPassword>
        <NameValuePair>
            <name>JMSConnections/RMSSBYN/QueueConnectionFactory</name>
            <value>XAQConnectionFactory</value>
        </NameValuePair>
        <NameValuePair>
            <name>JMSConnections/RMSSBYN/TopicConnectionFactory</name>
            <value>XAConnectionFactory</value>
        </NameValuePair>
        <NameValuePair>
            <name>JMSConnections/RMSSBYN/UserName</name>
            <value></value>
        </NameValuePair>
        <NameValuePair>
            <name>JMSConnections/SterlingMQ/JMSProviderURL</name>
            <value>tcp://tibintprdrk17p.wsgc.com:60003,tcp://tibintprdrk18p.wsgc.com:60003</value>
        </NameValuePair>
        <NameValuePair>
            <name>JMSConnections/SterlingMQ/JMSSSLProviderURL</name>
            <value></value>
        </NameValuePair>
        <NameValuePair>
            <name>JMSConnections/SterlingMQ/JNDIContextFactory</name>
            <value>com.tibco.tibjms.naming.TibjmsInitialContextFactory</value>
        </NameValuePair>
        <NameValuePair>
            <name>JMSConnections/SterlingMQ/JNDIContextURL</name>
            <value>tibjmsnaming://tibintprdrk17p.wsgc.com:60003,tibjmsnaming://tibintprdrk18p.wsgc.com:60003</value>
        </NameValuePair>
        <NameValuePairPassword>
            <name>JMSConnections/SterlingMQ/JNDIPassword</name>
            <value>#!xnly/qB2DifEOOXljVKwlP8z2FVZsTdaXkZOIrLIsik=</value>
        </NameValuePairPassword>
        <NameValuePair>
            <name>JMSConnections/SterlingMQ/JNDIUserName</name>
            <value>emsappusr</value>
        </NameValuePair>
        <NameValuePairPassword>
            <name>JMSConnections/SterlingMQ/Password</name>
            <value>#!eXqul38Xa5LVBKTHdTiXP7NrT7pNFjKnduTdPjdPzZo=</value>
        </NameValuePairPassword>
        <NameValuePair>
            <name>JMSConnections/SterlingMQ/QueueConnectionFactory</name>
            <value>QueueConnectionFactory</value>
        </NameValuePair>
        <NameValuePair>
            <name>JMSConnections/SterlingMQ/UserName</name>
            <value>emsappusr</value>
        </NameValuePair>
        <NameValuePair>
            <name>JmsProviderUrl</name>
            <value>tcp://localhost:7222</value>
        </NameValuePair>
        <NameValuePair>
            <name>JmsSslProviderUrl</name>
            <value>ssl://localhost:7243</value>
        </NameValuePair>
        <NameValuePair>
            <name>LookupTranslation/FilePollerIntervalInSec</name>
            <value>10</value>
        </NameValuePair>
        <NameValuePair>
            <name>LookupTranslation/InterfaceCode</name>
            <value>CommonLookup</value>
        </NameValuePair>
        <NameValuePair>
            <name>LookupTranslation/PKMSCLEERR/File</name>
            <value>CLEERR00</value>
        </NameValuePair>
        <NameValuePair>
            <name>LookupTranslation/PKMSCLEERR/JMSQueue</name>
            <value>BW.CLEERR.TOPKMS.INSERT</value>
        </NameValuePair>
        <NameValuePair>
            <name>LookupTranslation/PKMSCLEERR/Library</name>
            <value>CWSI21QUAL</value>
        </NameValuePair>
        <NameValuePair>
            <name>LookupTranslation/PKMSECSVMA00/File</name>
            <value>ECSVMA00</value>
        </NameValuePair>
        <NameValuePair>
            <name>LookupTranslation/PKMSECSVMA00/Library</name>
            <value>INTF_YNT</value>
        </NameValuePair>
        <NameValuePair>
            <name>LookupTranslation/PKMSILCCOD/File</name>
            <value>ILCCOD</value>
        </NameValuePair>
        <NameValuePair>
            <name>LookupTranslation/PKMSILCCOD/Library</name>
            <value>INTF_YNT</value>
        </NameValuePair>
        <NameValuePair>
            <name>LookupTranslation/PKMSItemMaster/File</name>
            <value>STSTYL00</value>
        </NameValuePair>
        <NameValuePair>
            <name>LookupTranslation/PKMSItemMaster/Library</name>
            <value>PKMANHYNTD</value>
        </NameValuePair>
        <NameValuePair>
            <name>LookupTranslation/PKMSRoutingTable/DestinationZip_Suffix</name>
            <value>9999</value>
        </NameValuePair>
        <NameValuePair>
            <name>LookupTranslation/PKMSRoutingTable/File</name>
            <value>RTCARR00</value>
        </NameValuePair>
        <NameValuePair>
            <name>LookupTranslation/PKMSRoutingTable/Library</name>
            <value>PKWSNIYNTD</value>
        </NameValuePair>
        <NameValuePair>
            <name>LookupTranslation/StoreConcept/TimerInterval</name>
            <value>86400000</value>
        </NameValuePair>
        <NameValuePair>
            <name>LookupTranslation/StoreConcept/TimerStartTime</name>
            <value>1286831850000</value>
        </NameValuePair>
        <NameValuePair>
            <name>LookupTranslation/TransactionDomain</name>
            <value>CommonLookup</value>
        </NameValuePair>
        <NameValuePair>
            <name>LookupTranslation/TransactionType</name>
            <value>FileChange</value>
        </NameValuePair>
        <NameValuePair>
            <name>PrefixQueue</name>
            <value>Q.WSI</value>
        </NameValuePair>
        <NameValuePair>
            <name>PrefixRV</name>
            <value>WSI</value>
        </NameValuePair>
        <NameValuePair>
            <name>PrefixTopic</name>
            <value>T.WSI</value>
        </NameValuePair>
        <NameValuePairPassword>
            <name>REST_API_Connections/Accertify/Password</name>
            <value>#!UR57EAwp6cO6+AIEpIOcMU88wNEr6hLOlWNPyo14Mcw=</value>
        </NameValuePairPassword>
        <NameValuePair>
            <name>REST_API_Connections/Accertify/ResourceURI</name>
            <value>https://afm.wsgc.com:743</value>
        </NameValuePair>
        <NameValuePair>
            <name>REST_API_Connections/Accertify/UserName</name>
            <value>SVCASCLDAP</value>
        </NameValuePair>
        <NameValuePair>
            <name>RemoteRvDaemon</name>
            <value></value>
        </NameValuePair>
        <NameValuePair>
            <name>RvDaemon</name>
            <value>tcp:7500</value>
        </NameValuePair>
        <NameValuePair>
            <name>RvNetwork</name>
            <value></value>
        </NameValuePair>
        <NameValuePair>
            <name>RvService</name>
            <value>7500</value>
        </NameValuePair>
        <NameValuePair>
            <name>RvaHost</name>
            <value>localhost</value>
        </NameValuePair>
        <NameValuePair>
            <name>RvaPort</name>
            <value>7600</value>
        </NameValuePair>
        <NameValuePair>
            <name>TIBHawkDaemon</name>
            <value>tcp:7474</value>
        </NameValuePair>
        <NameValuePair>
            <name>TIBHawkNetwork</name>
            <value></value>
        </NameValuePair>
        <NameValuePair>
            <name>TIBHawkService</name>
            <value>7474</value>
        </NameValuePair>
        <NameValuePair>
            <name>UnitTest/CLERolloverFileSize</name>
            <value>30000</value>
        </NameValuePair>
        <NameValuePair>
            <name>UnitTest/CLETemporaryOutputPath</name>
            <value>c:\temp\</value>
        </NameValuePair>
        <NameValuePair>
            <name>UnitTest/JMSDeliveryMode</name>
            <value>NON_PERSISTENT</value>
        </NameValuePair>
        <NameValuePair>
            <name>UnitTest/JMSExpirationInSec</name>
            <value>10</value>
        </NameValuePair>
        <NameValuePair>
            <name>UnitTest/PerfTestIntervalMsec</name>
            <value>1000</value>
        </NameValuePair>
        <NameValuePair>
            <name>UnitTest/PerfTestLoopCount</name>
            <value>1</value>
        </NameValuePair>
        <NameValuePair>
            <name>adas400.connection.environment</name>
            <value></value>
        </NameValuePair>
        <NameValuePairPassword>
            <name>adas400.connection.password</name>
            <value></value>
        </NameValuePairPassword>
        <NameValuePair>
            <name>adas400.connection.securityLib</name>
            <value></value>
        </NameValuePair>
        <NameValuePair>
            <name>adas400.connection.server</name>
            <value></value>
        </NameValuePair>
        <NameValuePair>
            <name>adas400.connection.userName</name>
            <value></value>
        </NameValuePair>
        <NameValuePair>
            <name>adas400.connection.workLib</name>
            <value></value>
        </NameValuePair>
        <NameValuePairInteger>
            <name>adas400.publisher.polling.interval</name>
            <value>250</value>
        </NameValuePairInteger>
    </NVPairs>
    <repoInstances selected="local">
        <localRepoInstance>
            <encoding>ISO8859-1</encoding>
        </localRepoInstance>
    </repoInstances>
    <services>
        <bw name="Process Archive.par">
            <enabled>true</enabled>
            <bindings>
                <binding name="ECO_OMS_OrderFraudScreening-Synch">
                    <machine>tibintprdrk25p</machine>
                    <product>
                        <type>BW</type>
                        <version>5.11</version>
                        <location>/app/tibco/tib_install_base/tibsw/2014/bw/5.11</location>
                    </product>
                    <setting>
                        <startOnBoot>false</startOnBoot>
                        <enableVerbose>false</enableVerbose>
                        <maxLogFileSize>50000</maxLogFileSize>
                        <maxLogFileCount>3</maxLogFileCount>
                        <threadCount>24</threadCount>
                        <java>
                            <prepandClassPath></prepandClassPath>
                            <appendClassPath></appendClassPath>
                            <initHeapSize>512</initHeapSize>
                            <maxHeapSize>1024</maxHeapSize>
                            <threadStackSize>256</threadStackSize>
                        </java>
                    </setting>
                    <shutdown>
                        <checkpoint>false</checkpoint>
                        <timeout>0</timeout>
                    </shutdown>
                </binding>
                <binding name="ECO_OMS_OrderFraudScreening-Synch-1">
                    <machine>tibintprdrk26p</machine>
                    <product>
                        <type>BW</type>
                        <version>5.11</version>
                        <location>/app/tibco/tib_install_base/tibsw/2014/bw/5.11</location>
                    </product>
                    <setting>
                        <startOnBoot>false</startOnBoot>
                        <enableVerbose>false</enableVerbose>
                        <maxLogFileSize>50000</maxLogFileSize>
                        <maxLogFileCount>3</maxLogFileCount>
                        <threadCount>24</threadCount>
                        <java>
                            <prepandClassPath></prepandClassPath>
                            <appendClassPath></appendClassPath>
                            <initHeapSize>512</initHeapSize>
                            <maxHeapSize>1024</maxHeapSize>
                            <threadStackSize>256</threadStackSize>
                        </java>
                    </setting>
                    <shutdown>
                        <checkpoint>false</checkpoint>
                        <timeout>0</timeout>
                    </shutdown>
                </binding>
            </bindings>
            <NVPairs name="Adapter SDK Properties">
                <NameValuePair>
                    <name>Trace.Task.*</name>
                    <value>false</value>
                </NameValuePair>
                <NameValuePair>
                    <name>EnableMemorySavingMode</name>
                    <value>true</value>
                </NameValuePair>
                <NameValuePair>
                    <name>bw.engine.enableJobRecovery</name>
                    <value>false</value>
                </NameValuePair>
                <NameValuePair>
                    <name>bw.engine.autoCheckpointRestart</name>
                    <value>true</value>
                </NameValuePair>
                <NameValuePair>
                    <name>bw.engine.jobstats.enable</name>
                    <value>false</value>
                </NameValuePair>
                <NameValuePair>
                    <name>log.file.encoding</name>
                    <value></value>
                </NameValuePair>
                <NameValuePair>
                    <name>bw.engine.emaEnabled</name>
                    <value>false</value>
                </NameValuePair>
                <NameValuePair>
                    <name>bw.container.service</name>
                    <value></value>
                </NameValuePair>
                <NameValuePair>
                    <name>bw.container.service.rmi.port</name>
                    <value>9995</value>
                </NameValuePair>
                <NameValuePair>
                    <name>bw.platform.services.retreiveresources.Enabled</name>
                    <value>false</value>
                </NameValuePair>
                <NameValuePair>
                    <name>bw.platform.services.retreiveresources.Hostname</name>
                    <value>localhost</value>
                </NameValuePair>
                <NameValuePair>
                    <name>bw.platform.services.retreiveresources.Httpport</name>
                    <value>8010</value>
                </NameValuePair>
                <NameValuePair>
                    <name>bw.platform.services.retreiveresources.defaultEncoding</name>
                    <value>ISO8859_1</value>
                </NameValuePair>
                <NameValuePair>
                    <name>bw.platform.services.retreiveresources.enableLookups</name>
                    <value>false</value>
                </NameValuePair>
                <NameValuePair>
                    <name>bw.platform.services.retreiveresources.isSecure</name>
                    <value>false</value>
                </NameValuePair>
                <NameValuePair>
                    <name>bw.platform.services.retreiveresources.identity</name>
                    <value>/Identity_HTTPConnection.id</value>
                </NameValuePair>
                <NameValuePair>
                    <name>bw.log4j.configuration</name>
                    <value></value>
                </NameValuePair>
            </NVPairs>
            <failureCount>0</failureCount>
            <failureInterval>0</failureInterval>
            <bwprocesses>
                <bwprocess name="CommonProcesses/LookupTranslation/OnStartupCLEFlags.process">
                    <starter>onStartup</starter>
                    <enabled>true</enabled>
                    <maxJob>0</maxJob>
                    <activation>true</activation>
                    <flowLimit>0</flowLimit>
                </bwprocess>
                <bwprocess name="CommonProcesses/LookupTranslation/OnStartupPaymentTypes.process">
                    <starter>onStartup</starter>
                    <enabled>true</enabled>
                    <maxJob>0</maxJob>
                    <activation>true</activation>
                    <flowLimit>0</flowLimit>
                </bwprocess>
                <bwprocess name="BusinessProcesses/ECO_OMS_OrderFraudScreening-Synch/ECO_OMS_OrderFraudScreening.process">
                    <starter>OrderQueueReceiver</starter>
                    <enabled>true</enabled>
                    <maxJob>24</maxJob>
                    <activation>true</activation>
                    <flowLimit>24</flowLimit>
                </bwprocess>
                <bwprocess name="CommonProcesses/LookupTranslation/FilePollerPaymentTypes.process">
                    <starter>File Poller</starter>
                    <enabled>true</enabled>
                    <maxJob>0</maxJob>
                    <activation>true</activation>
                    <flowLimit>0</flowLimit>
                </bwprocess>
                <bwprocess name="CommonProcesses/LookupTranslation/FilePollerCLEFlags.process">
                    <starter>File Poller</starter>
                    <enabled>true</enabled>
                    <maxJob>0</maxJob>
                    <activation>true</activation>
                    <flowLimit>0</flowLimit>
                </bwprocess>
            </bwprocesses>
            <checkpoints selected="Local File">
                <checkpoint>Local File</checkpoint>
                <checkpoint>/BusinessProcesses/HistoricalDataGeneration/DTC-DB</checkpoint>
                <tablePrefix>Process_Ar_63898307</tablePrefix>
            </checkpoints>
            <isFt>false</isFt>
        </bw>
    </services>
</application>