<?xml version="1.0" encoding="UTF-8"?>

<application xmlns="http://www.tibco.com/xmlns/ApplicationManagement" name="TOBESTOPPED/EmailNotification-A">
    <repoInstanceName>%%DOMAIN%%-EmailNotification-A</repoInstanceName>
    <description>PRDVERSION</description>
    <maxdeploymentrevision>5</maxdeploymentrevision>
    <NVPairs name="Global Variables">
        <NameValuePair>
            <name>AutoRetry/RETRIES_FAILED_STATUS</name>
            <value>RETRIES_FAILED</value>
        </NameValuePair>
        <NameValuePair>
            <name>AutoRetry/RETRIES_FUNCTIONALERROR_STATUS</name>
            <value>RETRIES_FUNCTIONALERROR</value>
        </NameValuePair>
        <NameValuePair>
            <name>AutoRetry/RETRIES_INPROGRESS_STATUS</name>
            <value>RETRIES_INPROGRESS</value>
        </NameValuePair>
        <NameValuePair>
            <name>AutoRetry/RETRIES_SUCCEEDED_STATUS</name>
            <value>RETRIES_SUCCEEDED</value>
        </NameValuePair>
        <NameValuePair>
            <name>BW_GLOBAL_TRUSTED_CA_STORE</name>
            <value>file:////app/tibco/certs/EmailNotification</value>
        </NameValuePair>
        <NameValuePair>
            <name>CLE/AppCode</name>
            <value>TIBCO</value>
        </NameValuePair>
        <NameValuePair>
            <name>CLE/Constants/AuditBegin</name>
            <value>BEGIN</value>
        </NameValuePair>
        <NameValuePair>
            <name>CLE/Constants/AuditBeginMsg</name>
            <value>RECEIVED A TEXT MESSAGE FROM THE JMS QUEUE</value>
        </NameValuePair>
        <NameValuePair>
            <name>CLE/Constants/AuditEnd</name>
            <value>END</value>
        </NameValuePair>
        <NameValuePair>
            <name>CLE/Constants/AuditReport</name>
            <value>REPORT</value>
        </NameValuePair>
        <NameValuePair>
            <name>CLE/JMS/AuditReplayLogTopicPostfix</name>
            <value>CLE.AUDITREPLAYLOG</value>
        </NameValuePair>
        <NameValuePair>
            <name>CLE/JMS/ExceptionTopicPostfix</name>
            <value>CLE.EXCEPTION</value>
        </NameValuePair>
        <NameValuePair>
            <name>CLE/JMS/LogTopicPostfix</name>
            <value>CLE.LOG</value>
        </NameValuePair>
        <NameValuePair>
            <name>CLEAppCode</name>
            <value>TIBCO</value>
        </NameValuePair>
        <NameValuePair>
            <name>CommonFilePath/AVSResults</name>
            <value>/app/tibco/lookup_files/prd1/AVSResults.xml</value>
        </NameValuePair>
        <NameValuePair>
            <name>CommonFilePath/CAFNAppAuditSwitches</name>
            <value>/app/tibco/lookup_files/prd1/CAFNAppAuditSwitches.xml</value>
        </NameValuePair>
        <NameValuePair>
            <name>CommonFilePath/CAFNConceptConversionToPKMS</name>
            <value>/app/tibco/lookup_files/prd1/CAFNConceptConversionToPKMS.xml</value>
        </NameValuePair>
        <NameValuePair>
            <name>CommonFilePath/CAFNInventoryStatusCode</name>
            <value>/app/tibco/lookup_files/prd1/POSInventoryStatusCode.xml</value>
        </NameValuePair>
        <NameValuePair>
            <name>CommonFilePath/CAFNPKMSCountryCodes</name>
            <value>/app/tibco/lookup_files/prd1/CAFNPKMSCountryCodes.xml</value>
        </NameValuePair>
        <NameValuePair>
            <name>CommonFilePath/CAFNPKMSDropshipCarriers</name>
            <value>/app/tibco/lookup_files/prd1/CAFNPKMSDropshipCarriers.xml</value>
        </NameValuePair>
        <NameValuePair>
            <name>CommonFilePath/CAFNValidPKMSShipModes</name>
            <value>/app/tibco/lookup_files/prd1/CAFNValidPKMSShipModes.xml</value>
        </NameValuePair>
        <NameValuePair>
            <name>CommonFilePath/CAFNWarehouseCode</name>
            <value>/app/tibco/lookup_files/prd1/POSWarehouseCode.xml</value>
        </NameValuePair>
        <NameValuePair>
            <name>CommonFilePath/CCRAppAuditSwitches</name>
            <value>/app/tibco/lookup_files/prd1/CCRAppAuditSwitches.xml</value>
        </NameValuePair>
        <NameValuePair>
            <name>CommonFilePath/CFSSKUCsv</name>
            <value>/app/tibco/lookup_files/prd1/CFS_SKU.csv</value>
        </NameValuePair>
        <NameValuePair>
            <name>CommonFilePath/CFSSkuLookup</name>
            <value>/app/tibco/lookup_files/prd1/CFSSKUList.csv</value>
        </NameValuePair>
        <NameValuePair>
            <name>CommonFilePath/CLEFlags</name>
            <value>/app/tibco/lookup_files/prd1/CLEFlags.xml</value>
        </NameValuePair>
        <NameValuePair>
            <name>CommonFilePath/Carriers</name>
            <value>/app/tibco/lookup_files/prd1/Carriers.xml</value>
        </NameValuePair>
        <NameValuePair>
            <name>CommonFilePath/ConceptAndShipFromAddresses</name>
            <value>/app/tibco/lookup_files/prd1/ConceptsAndShipFromAddresses.xml</value>
        </NameValuePair>
        <NameValuePair>
            <name>CommonFilePath/ConceptCatalogMediaCodes</name>
            <value>/app/tibco/lookup_files/prd1/ConceptCatalogMediaCodes.xml</value>
        </NameValuePair>
        <NameValuePair>
            <name>CommonFilePath/ConceptFilters</name>
            <value>/app/tibco/lookup_files/prd1/ConceptFilters.xml</value>
        </NameValuePair>
        <NameValuePair>
            <name>CommonFilePath/ConceptsAndResponsysURLs</name>
            <value>/app/tibco/lookup_files/prd1/ConceptsAndResponsysURLs.xml</value>
        </NameValuePair>
        <NameValuePair>
            <name>CommonFilePath/ConceptsAndReturnAddress</name>
            <value>/app/tibco/lookup_files/prd1/ConceptsAndReturnsAddress.xml</value>
        </NameValuePair>
        <NameValuePair>
            <name>CommonFilePath/Countries</name>
            <value>/app/tibco/lookup_files/prd1/Countries.xml</value>
        </NameValuePair>
        <NameValuePair>
            <name>CommonFilePath/CriticalActionLines</name>
            <value>/app/tibco/lookup_files/prd1/CriticalActionLines.xml</value>
        </NameValuePair>
        <NameValuePair>
            <name>CommonFilePath/DC</name>
            <value>/app/tibco/lookup_files/prd1/DCConversionToNumeric.xml</value>
        </NameValuePair>
        <NameValuePair>
            <name>CommonFilePath/DSAppAuditSwitches</name>
            <value>/app/tibco/lookup_files/prd1/DSAppAuditSwitches.xml</value>
        </NameValuePair>
        <NameValuePair>
            <name>CommonFilePath/DSUIStatusCodes</name>
            <value>/app/tibco/lookup_files/prd1/DSUIStatusCodes.xml</value>
        </NameValuePair>
        <NameValuePair>
            <name>CommonFilePath/DTCMOConceptFilters</name>
            <value>/app/tibco/lookup_files/prd1/DTCMOConcept.csv</value>
        </NameValuePair>
        <NameValuePair>
            <name>CommonFilePath/EDIFreightTerms</name>
            <value>/app/tibco/lookup_files/prd1/EDIFreightTerms.xml</value>
        </NameValuePair>
        <NameValuePair>
            <name>CommonFilePath/EcomReturnCodesWithDesc</name>
            <value>/app/tibco/lookup_files/prd1/EcomReturnCodesWithDesc.xml</value>
        </NameValuePair>
        <NameValuePair>
            <name>CommonFilePath/ExperianConfig</name>
            <value>/app/tibco/lookup_files/prd1/ExperainConfig.xml</value>
        </NameValuePair>
        <NameValuePair>
            <name>CommonFilePath/FurnitureCarriers</name>
            <value>/app/tibco/lookup_files/prd1/FurnitureCarriers.xml</value>
        </NameValuePair>
        <NameValuePair>
            <name>CommonFilePath/GCCAgentAndConceptList</name>
            <value>/app/tibco/lookup_files/prd1/GCCAgentAndConceptList.xml</value>
        </NameValuePair>
        <NameValuePair>
            <name>CommonFilePath/GTDMessageBrokerConfigFile</name>
            <value>/app/tibco/lookup_files/prd1/GTDMessageBrokerConfigFile.xml</value>
        </NameValuePair>
        <NameValuePair>
            <name>CommonFilePath/IVRAppAuditSwitches</name>
            <value>/app/tibco/lookup_files/prd1/IVRAppAuditSwitches.xml</value>
        </NameValuePair>
        <NameValuePair>
            <name>CommonFilePath/IVRStatusCodes</name>
            <value>/app/tibco/lookup_files/prd1/IVRStatusCodes.xml</value>
        </NameValuePair>
        <NameValuePair>
            <name>CommonFilePath/InvMismatchThreshold</name>
            <value>/app/tibco/lookup_files/prd1/InvMismatchThreshold.xml</value>
        </NameValuePair>
        <NameValuePair>
            <name>CommonFilePath/ItemConcepts</name>
            <value>/app/tibco/lookup_files/prd1/ItemConcepts.xml</value>
        </NameValuePair>
        <NameValuePair>
            <name>CommonFilePath/LockCodes</name>
            <value>/app/tibco/lookup_files/prd1/LockCodes.xml</value>
        </NameValuePair>
        <NameValuePair>
            <name>CommonFilePath/ManufacturingStatuses</name>
            <value>/app/tibco/lookup_files/prd1/ManufacturingStatuses.xml</value>
        </NameValuePair>
        <NameValuePair>
            <name>CommonFilePath/OrgHierConcepts</name>
            <value>/app/tibco/lookup_files/prd1/OrgHierConcepts.xml</value>
        </NameValuePair>
        <NameValuePair>
            <name>CommonFilePath/OrgHierVWHs</name>
            <value>/app/tibco/lookup_files/prd1/OrgHierVWHs.xml</value>
        </NameValuePair>
        <NameValuePair>
            <name>CommonFilePath/OrgHierWHs</name>
            <value>/app/tibco/lookup_files/prd1/OrgHierWHs.xml</value>
        </NameValuePair>
        <NameValuePair>
            <name>CommonFilePath/POSReasonCodes</name>
            <value>/app/tibco/lookup_files/prd1/POSReasonCodes.xml</value>
        </NameValuePair>
        <NameValuePair>
            <name>CommonFilePath/PaymentTypes</name>
            <value>/app/tibco/lookup_files/prd1/PaymentTypes.xml</value>
        </NameValuePair>
        <NameValuePair>
            <name>CommonFilePath/PkMSCLEErrorDistroList</name>
            <value>/app/tibco/lookup_files/prd1/PkMSCLEErrorDistroList.xml</value>
        </NameValuePair>
        <NameValuePair>
            <name>CommonFilePath/RMSInventoryCodes</name>
            <value>/app/tibco/lookup_files/prd1/RMSInventoryCodes.xml</value>
        </NameValuePair>
        <NameValuePair>
            <name>CommonFilePath/RMSInventoryCodesForATP</name>
            <value>/app/tibco/lookup_files/prd1/RMSInventoryCodesForATP.xml</value>
        </NameValuePair>
        <NameValuePair>
            <name>CommonFilePath/RMSInventoryTypes</name>
            <value>/app/tibco/lookup_files/prd1/RMSInventoryTypes.xml</value>
        </NameValuePair>
        <NameValuePair>
            <name>CommonFilePath/RMSLocationVWHs</name>
            <value>/app/tibco/lookup_files/prd1/RMSLocationVWHs.xml</value>
        </NameValuePair>
        <NameValuePair>
            <name>CommonFilePath/RMSPOPaymentTerms</name>
            <value>/app/tibco/lookup_files/prd1/RMSPOPaymentTerms.xml</value>
        </NameValuePair>
        <NameValuePair>
            <name>CommonFilePath/RMSPOTPFilterListForGXS</name>
            <value>/app/tibco/lookup_files/prd1/RMSPOTPFilterListForGXS.xml</value>
        </NameValuePair>
        <NameValuePair>
            <name>CommonFilePath/RetQtyReasonCodes</name>
            <value>/app/tibco/lookup_files/prd1/RetQtyReasonCodes.xml</value>
        </NameValuePair>
        <NameValuePair>
            <name>CommonFilePath/ReturnsAppAuditSwitches</name>
            <value>/app/tibco/lookup_files/prd1/ReturnsAppAuditSwitches.xml</value>
        </NameValuePair>
        <NameValuePair>
            <name>CommonFilePath/SCACCodes</name>
            <value>/app/tibco/lookup_files/prd1/SCACCodes.xml</value>
        </NameValuePair>
        <NameValuePair>
            <name>CommonFilePath/ShipModes</name>
            <value>/app/tibco/lookup_files/prd1/ShipModes.xml</value>
        </NameValuePair>
        <NameValuePair>
            <name>CommonFilePath/ShipmentOptimizationCodes</name>
            <value>/app/tibco/lookup_files/prd1/ShipmentOptimizationCodes.xml</value>
        </NameValuePair>
        <NameValuePair>
            <name>CommonFilePath/SiteCodes</name>
            <value>/app/tibco/lookup_files/prd1/SiteCodes.xml</value>
        </NameValuePair>
        <NameValuePair>
            <name>CommonFilePath/SterlingUPSServiceCodes</name>
            <value>/app/tibco/lookup_files/prd1/SterlingUPSServiceCodes.xml</value>
        </NameValuePair>
        <NameValuePair>
            <name>CommonFilePath/StoreConcepts</name>
            <value>/app/tibco/lookup_files/prd1/StoreConcepts.xml</value>
        </NameValuePair>
        <NameValuePair>
            <name>CommonFilePath/UPSAppAuditSwitches</name>
            <value>/app/tibco/lookup_files/prd1/UPSAppAuditSwitches.xml</value>
        </NameValuePair>
        <NameValuePair>
            <name>CommonFilePath/UPSServiceCodes</name>
            <value>/app/tibco/lookup_files/prd1/UPSServiceCodes.xml</value>
        </NameValuePair>
        <NameValuePair>
            <name>CommonFilePath/WISMOAppAuditSwitches</name>
            <value>/app/tibco/lookup_files/prd1/WISMOAppAuditSwitches.xml</value>
        </NameValuePair>
        <NameValuePair>
            <name>CommonFilePath/WISSterlingStatusCode</name>
            <value>/app/tibco/lookup_files/prd1/SterlingStatusCodes.xml</value>
        </NameValuePair>
        <NameValuePair>
            <name>Constants/COL_AUDITMESSAGETYPE</name>
            <value>AuditMessageType</value>
        </NameValuePair>
        <NameValuePair>
            <name>Constants/COL_AVSStatus</name>
            <value>Status</value>
        </NameValuePair>
        <NameValuePair>
            <name>Constants/COL_AVSVerificationResult</name>
            <value>VerificationResult</value>
        </NameValuePair>
        <NameValuePair>
            <name>Constants/COL_CARRIER_NAME</name>
            <value>CarrierService</value>
        </NameValuePair>
        <NameValuePair>
            <name>Constants/COL_CARRIER_PKMSCarrService</name>
            <value>PKMSCarrierCode</value>
        </NameValuePair>
        <NameValuePair>
            <name>Constants/COL_CARRIER_PKMSCarrServiceCode</name>
            <value>PKMSCarrierServiceLevel</value>
        </NameValuePair>
        <NameValuePair>
            <name>Constants/COL_CARRIER_Sterling</name>
            <value>SterlingSCAC</value>
        </NameValuePair>
        <NameValuePair>
            <name>Constants/COL_CF_InvAdjFlag</name>
            <value>InvAdjFlag</value>
        </NameValuePair>
        <NameValuePair>
            <name>Constants/COL_CF_InvSnapshotFlag</name>
            <value>InvSnapshotFlag</value>
        </NameValuePair>
        <NameValuePair>
            <name>Constants/COL_CF_ItemFlag</name>
            <value>ItemFlag</value>
        </NameValuePair>
        <NameValuePair>
            <name>Constants/COL_COUNTRY_DTCMO</name>
            <value>DTCMOCountryCode</value>
        </NameValuePair>
        <NameValuePair>
            <name>Constants/COL_COUNTRY_NAME</name>
            <value>CountryName</value>
        </NameValuePair>
        <NameValuePair>
            <name>Constants/COL_COUNTRY_RMS</name>
            <value>RMSCountryCode</value>
        </NameValuePair>
        <NameValuePair>
            <name>Constants/COL_COUNTRY_Sterling</name>
            <value>SterlingCountryCode</value>
        </NameValuePair>
        <NameValuePair>
            <name>Constants/COL_INTERFACECODE</name>
            <value>InterfaceCode</value>
        </NameValuePair>
        <NameValuePair>
            <name>Constants/COL_INVTYPE_ATP_IND</name>
            <value>WSI_ATP_IND</value>
        </NameValuePair>
        <NameValuePair>
            <name>Constants/COL_INVTYPE_Forecast_IND</name>
            <value>WSI_Forecast_IND</value>
        </NameValuePair>
        <NameValuePair>
            <name>Constants/COL_INVTYPE_InvStatus</name>
            <value>InventoryStatus</value>
        </NameValuePair>
        <NameValuePair>
            <name>Constants/COL_INVTYPE_InvStatusDesc</name>
            <value>InventoryStatusDesc</value>
        </NameValuePair>
        <NameValuePair>
            <name>Constants/COL_ITEMCONCEPT_RMS</name>
            <value>RMSRetailZoneGroupId</value>
        </NameValuePair>
        <NameValuePair>
            <name>Constants/COL_ITEMCONCEPT_Sterling</name>
            <value>SterlingOrgCode</value>
        </NameValuePair>
        <NameValuePair>
            <name>Constants/COL_LOCKCODES_InvStatus</name>
            <value>InventoryStatus</value>
        </NameValuePair>
        <NameValuePair>
            <name>Constants/COL_LOCKCODES_InvStatusCode</name>
            <value>InventoryStatusCode</value>
        </NameValuePair>
        <NameValuePair>
            <name>Constants/COL_LOCKCODES_InvStatusCodeDesc</name>
            <value>InventoryStatusCodeDesc</value>
        </NameValuePair>
        <NameValuePair>
            <name>Constants/COL_LOCKCODES_InvStatusDesc</name>
            <value>InventoryStatusDesc</value>
        </NameValuePair>
        <NameValuePair>
            <name>Constants/COL_ORGHIERCONCEPT_ConceptName</name>
            <value>ConceptName</value>
        </NameValuePair>
        <NameValuePair>
            <name>Constants/COL_ORGHIERCONCEPT_DTCMO</name>
            <value>DTCMO_NHCNCP</value>
        </NameValuePair>
        <NameValuePair>
            <name>Constants/COL_ORGHIERCONCEPT_JDA</name>
            <value>JDA</value>
        </NameValuePair>
        <NameValuePair>
            <name>Constants/COL_ORGHIERCONCEPT_PKMS</name>
            <value>PKMSPersonalHoldExtract</value>
        </NameValuePair>
        <NameValuePair>
            <name>Constants/COL_ORGHIERCONCEPT_RMS</name>
            <value>RMSBanner</value>
        </NameValuePair>
        <NameValuePair>
            <name>Constants/COL_ORGHIERCONCEPT_SterlingOrgCode</name>
            <value>SterlingOrgCode</value>
        </NameValuePair>
        <NameValuePair>
            <name>Constants/COL_ORGHIERCONCEPT_SterlingSellerCode</name>
            <value>SterlingSellerCode</value>
        </NameValuePair>
        <NameValuePair>
            <name>Constants/COL_ORGHIERVWH_PKMSRMSVWH</name>
            <value>PKMSRMS_VWH</value>
        </NameValuePair>
        <NameValuePair>
            <name>Constants/COL_ORGHIERVWH_SterlingName</name>
            <value>SterlingName</value>
        </NameValuePair>
        <NameValuePair>
            <name>Constants/COL_ORGHIERVWH_SterlingOrgCode</name>
            <value>SterlingOrgCode</value>
        </NameValuePair>
        <NameValuePair>
            <name>Constants/COL_ORGHIERVWH_WHName</name>
            <value>WarehouseName</value>
        </NameValuePair>
        <NameValuePair>
            <name>Constants/COL_ORGHIERWH_DTCNode</name>
            <value>DTCNode</value>
        </NameValuePair>
        <NameValuePair>
            <name>Constants/COL_ORGHIERWH_PKMSPHExtract</name>
            <value>PKMSPersonalHoldExtract</value>
        </NameValuePair>
        <NameValuePair>
            <name>Constants/COL_ORGHIERWH_PKMSSRTT</name>
            <value>PKMS_SRTT</value>
        </NameValuePair>
        <NameValuePair>
            <name>Constants/COL_ORGHIERWH_RCOMPHYWH</name>
            <value>RCOMPhysicalWH</value>
        </NameValuePair>
        <NameValuePair>
            <name>Constants/COL_ORGHIERWH_RMSPHYWH</name>
            <value>RMSPhysicalWH</value>
        </NameValuePair>
        <NameValuePair>
            <name>Constants/COL_ORGHIERWH_SterlingNode</name>
            <value>SterlingNode</value>
        </NameValuePair>
        <NameValuePair>
            <name>Constants/COL_ORGHIERWH_WHName</name>
            <value>WarehouseName</value>
        </NameValuePair>
        <NameValuePair>
            <name>Constants/COL_PAYMENTTYPE_DTCMOPAYTYPE</name>
            <value>PayType</value>
        </NameValuePair>
        <NameValuePair>
            <name>Constants/COL_RMSINVCODEFORATP_ATP_IND</name>
            <value></value>
        </NameValuePair>
        <NameValuePair>
            <name>Constants/COL_RMSINVCODEFORATP_Forecast_IND</name>
            <value>WSI_Forecast_IND</value>
        </NameValuePair>
        <NameValuePair>
            <name>Constants/COL_RMSINVCODEFORATP_InvStatus</name>
            <value>InventoryStatus</value>
        </NameValuePair>
        <NameValuePair>
            <name>Constants/COL_RMSINVCODEFORATP_InvStatusCode</name>
            <value>InventoryStatusCode</value>
        </NameValuePair>
        <NameValuePair>
            <name>Constants/COL_RMSINVCODEFORATP_InvStatusCodeDesc</name>
            <value>InventoryStatusCodeDesc</value>
        </NameValuePair>
        <NameValuePair>
            <name>Constants/COL_RMSINVCODEFORATP_InvStatusDesc</name>
            <value>InventoryStatusDesc</value>
        </NameValuePair>
        <NameValuePair>
            <name>Constants/COL_RMSINVCODE_InvStatus</name>
            <value>InventoryStatus</value>
        </NameValuePair>
        <NameValuePair>
            <name>Constants/COL_RMSINVCODE_InvStatusCode</name>
            <value>InventoryStatusCode</value>
        </NameValuePair>
        <NameValuePair>
            <name>Constants/COL_RMSINVCODE_InvStatusCodeDesc</name>
            <value>InventoryStatusCodeDesc</value>
        </NameValuePair>
        <NameValuePair>
            <name>Constants/COL_RMSLOC_LOC</name>
            <value>Loc</value>
        </NameValuePair>
        <NameValuePair>
            <name>Constants/COL_SHIPMODE_DESC</name>
            <value>Description</value>
        </NameValuePair>
        <NameValuePair>
            <name>Constants/COL_SHIPMODE_PKMS</name>
            <value>PKMSCarrSvc</value>
        </NameValuePair>
        <NameValuePair>
            <name>Constants/COL_SHIPMODE_Sterling</name>
            <value>SterlingCarrSvc</value>
        </NameValuePair>
        <NameValuePair>
            <name>Constants/COL_SterlingOrgCode</name>
            <value>SterlingOrgCode</value>
        </NameValuePair>
        <NameValuePair>
            <name>Constants/COL_SterlingSupplyType</name>
            <value>SterlingSupplyType</value>
        </NameValuePair>
        <NameValuePair>
            <name>Constants/InterfaceTimeOut</name>
            <value>10</value>
        </NameValuePair>
        <NameValuePair>
            <name>Constants/TABLE_CARRIERS</name>
            <value>Carriers</value>
        </NameValuePair>
        <NameValuePair>
            <name>Constants/TABLE_CONCEPTFILTERS</name>
            <value>ConceptFilters</value>
        </NameValuePair>
        <NameValuePair>
            <name>Constants/TABLE_COUNTRIES</name>
            <value>Countries</value>
        </NameValuePair>
        <NameValuePair>
            <name>Constants/TABLE_ITEMCONCEPTS</name>
            <value>ItemConcepts</value>
        </NameValuePair>
        <NameValuePair>
            <name>Constants/TABLE_LOCKCODES</name>
            <value>LockCodes</value>
        </NameValuePair>
        <NameValuePair>
            <name>Constants/TABLE_ORGHIERCONCEPTS</name>
            <value>OrgHierConcepts</value>
        </NameValuePair>
        <NameValuePair>
            <name>Constants/TABLE_ORGHIERVWHS</name>
            <value>OrgHierVWHs</value>
        </NameValuePair>
        <NameValuePair>
            <name>Constants/TABLE_ORGHIERWHS</name>
            <value>OrgHierWHs</value>
        </NameValuePair>
        <NameValuePair>
            <name>Constants/TABLE_RMSINVENTORYCODES</name>
            <value>RMSInventoryCodes</value>
        </NameValuePair>
        <NameValuePair>
            <name>Constants/TABLE_RMSINVENTORYCODESFORATP</name>
            <value>RMSInventoryCodesForATP</value>
        </NameValuePair>
        <NameValuePair>
            <name>Constants/TABLE_RMSINVENTORYTYPES</name>
            <value>RMSInventoryTypes</value>
        </NameValuePair>
        <NameValuePair>
            <name>Constants/TABLE_RMSLOCATIONS</name>
            <value>RMSLocations</value>
        </NameValuePair>
        <NameValuePair>
            <name>Constants/TABLE_SHIPMODES</name>
            <value>ShipModes</value>
        </NameValuePair>
        <NameValuePair>
            <name>Constants/VALUE_STERLINGREQUEST</name>
            <value>STERLINGREQUEST</value>
        </NameValuePair>
        <NameValuePair>
            <name>Constants/VALUE_STERLINGRESPONSE</name>
            <value>STERLINGRESPONSE</value>
        </NameValuePair>
        <NameValuePair>
            <name>Constants/VALUE_STERRETURNREQUEST</name>
            <value>STERLINGRETURNREQUEST</value>
        </NameValuePair>
        <NameValuePair>
            <name>Constants/VALUE_UIREQUEST</name>
            <value>UIREQUEST</value>
        </NameValuePair>
        <NameValuePair>
            <name>Constants/VALUE_UIRESPONSE</name>
            <value>UIRESPONSE</value>
        </NameValuePair>
        <NameValuePair>
            <name>Constants/VALUE_UPSREQUEST</name>
            <value>UPSREQUEST</value>
        </NameValuePair>
        <NameValuePair>
            <name>Constants/VALUE_UPSRESPONSE</name>
            <value>UPSRESPONSE</value>
        </NameValuePair>
        <NameValuePair>
            <name>DirLedger</name>
            <value>.</value>
        </NameValuePair>
        <NameValuePair>
            <name>DirTrace</name>
            <value>.</value>
        </NameValuePair>
        <NameValuePair>
            <name>ENV</name>
            <value>PRD</value>
        </NameValuePair>
        <NameValuePair>
            <name>EmailNotification/CLE/AuditEmailMsg</name>
            <value>SENDING DELIVERY CONFIRMATION TO EXPERIAN</value>
        </NameValuePair>
        <NameValuePair>
            <name>EmailNotification/CLE/AuditEndMessage</name>
            <value>EMAIL NOTIFICATION SENT TO EXPERIAN</value>
        </NameValuePair>
        <NameValuePair>
            <name>EmailNotification/CLE/AuditEndStatus</name>
            <value>SUCCESS</value>
        </NameValuePair>
        <NameValuePair>
            <name>EmailNotification/CLE/AuditExceptionMessage</name>
            <value>EXCEPTION OCCURED</value>
        </NameValuePair>
        <NameValuePair>
            <name>EmailNotification/CLE/AuditExceptionStatus</name>
            <value>EXCEPTION</value>
        </NameValuePair>
        <NameValuePair>
            <name>EmailNotification/CLE/AuditExperianResponse</name>
            <value>RESPONSE RECEIVED FROM EXPERIAN</value>
        </NameValuePair>
        <NameValuePair>
            <name>EmailNotification/CLE/AuditStartMessage</name>
            <value>MESSAGE RECEIVED FOR</value>
        </NameValuePair>
        <NameValuePair>
            <name>EmailNotification/CLE/AuditStartMsgForDelConf</name>
            <value>MESSAGE RECEIVED FOR DELIVERY CONFIRMATION</value>
        </NameValuePair>
        <NameValuePair>
            <name>EmailNotification/CLE/AuditStartMsgForOrderCapture</name>
            <value>MESSAGE RECEIVED FOR ORDER CAPTURE</value>
        </NameValuePair>
        <NameValuePair>
            <name>EmailNotification/CLE/AuditStartStatus</name>
            <value>STARTED</value>
        </NameValuePair>
        <NameValuePair>
            <name>EmailNotification/CLE/InterfaceCode</name>
            <value>TIB_EXP.ORDERCAPTUREEMAIL</value>
        </NameValuePair>
        <NameValuePair>
            <name>EmailNotification/CLE/InvalidPayloadMsg</name>
            <value>INVALID PAYLOAD. DOES NOT MATCH ORDER CAPTURE OR DELIVERY CONFIRMATION</value>
        </NameValuePair>
        <NameValuePair>
            <name>EmailNotification/CLE/NoEmailMsg</name>
            <value>EMAIL ID DOES NOT EXISTS. </value>
        </NameValuePair>
        <NameValuePair>
            <name>EmailNotification/CLE/NotificationList</name>
            <value>ksana@wsgc.com</value>
        </NameValuePair>
        <NameValuePair>
            <name>EmailNotification/CLE/TransactionDomain</name>
            <value>EMAILCONFIRMATION</value>
        </NameValuePair>
        <NameValuePair>
            <name>EmailNotification/CLE/TransactionType</name>
            <value>EMAILCONFIRMATION</value>
        </NameValuePair>
        <NameValuePair>
            <name>EmailNotification/CONSTANTS/BusinessSales</name>
            <value>BUSINESS</value>
        </NameValuePair>
        <NameValuePair>
            <name>EmailNotification/CONSTANTS/CarrierNameForUPS</name>
            <value>UPS</value>
        </NameValuePair>
        <NameValuePair>
            <name>EmailNotification/CONSTANTS/DelConfirmationMsg</name>
            <value>DELIVERY CONFIRMATION MESSAGE</value>
        </NameValuePair>
        <NameValuePair>
            <name>EmailNotification/CONSTANTS/DeliveryConfirmation</name>
            <value>DeliveryConfirmation</value>
        </NameValuePair>
        <NameValuePair>
            <name>EmailNotification/CONSTANTS/EXCEPTIONS/TIB_EMAIL_201_CODE</name>
            <value>TIB_EMAIL_201</value>
        </NameValuePair>
        <NameValuePair>
            <name>EmailNotification/CONSTANTS/EXCEPTIONS/TIB_EMAIL_201_MSG</name>
            <value>UnsupportedEncodingException</value>
        </NameValuePair>
        <NameValuePair>
            <name>EmailNotification/CONSTANTS/EXCEPTIONS/TIB_EMAIL_202_CODE</name>
            <value>TIB_EMAIL_202</value>
        </NameValuePair>
        <NameValuePair>
            <name>EmailNotification/CONSTANTS/EXCEPTIONS/TIB_EMAIL_202_MSG</name>
            <value>XMLParseException</value>
        </NameValuePair>
        <NameValuePair>
            <name>EmailNotification/CONSTANTS/EXCEPTIONS/TIB_EMAIL_203_CODE</name>
            <value>TIB_EMAIL_203</value>
        </NameValuePair>
        <NameValuePair>
            <name>EmailNotification/CONSTANTS/EXCEPTIONS/TIB_EMAIL_203_MSG</name>
            <value>MissingByteCountException</value>
        </NameValuePair>
        <NameValuePair>
            <name>EmailNotification/CONSTANTS/EXCEPTIONS/TIB_EMAIL_204_CODE</name>
            <value>TIB_EMAIL_204</value>
        </NameValuePair>
        <NameValuePair>
            <name>EmailNotification/CONSTANTS/EXCEPTIONS/TIB_EMAIL_204_MSG</name>
            <value>ValidationException</value>
        </NameValuePair>
        <NameValuePair>
            <name>EmailNotification/CONSTANTS/EXCEPTIONS/TIB_EMAIL_205_CODE</name>
            <value>TIB_EMAIL_205</value>
        </NameValuePair>
        <NameValuePair>
            <name>EmailNotification/CONSTANTS/EXCEPTIONS/TIB_EMAIL_205_MSG</name>
            <value>TransportException</value>
        </NameValuePair>
        <NameValuePair>
            <name>EmailNotification/CONSTANTS/EXCEPTIONS/TIB_EMAIL_206_CODE</name>
            <value>TIB_EMAIL_206</value>
        </NameValuePair>
        <NameValuePair>
            <name>EmailNotification/CONSTANTS/EXCEPTIONS/TIB_EMAIL_206_MSG</name>
            <value>HTTP RESPONSE CODE IS NOT 200</value>
        </NameValuePair>
        <NameValuePair>
            <name>EmailNotification/CONSTANTS/EXCEPTIONS/TIB_EMAIL_207_CODE</name>
            <value>TIB_EMAIL_207</value>
        </NameValuePair>
        <NameValuePair>
            <name>EmailNotification/CONSTANTS/EXCEPTIONS/TIB_EMAIL_207_MSG</name>
            <value>TimeoutException</value>
        </NameValuePair>
        <NameValuePair>
            <name>EmailNotification/CONSTANTS/EXCEPTIONS/TIB_EMAIL_208_CODE</name>
            <value>TIB_EMAIL_208</value>
        </NameValuePair>
        <NameValuePair>
            <name>EmailNotification/CONSTANTS/EXCEPTIONS/TIB_EMAIL_208_MSG</name>
            <value>JMSInvalidInputException</value>
        </NameValuePair>
        <NameValuePair>
            <name>EmailNotification/CONSTANTS/EXCEPTIONS/TIB_EMAIL_209_CODE</name>
            <value>TIB_EMAIL_209</value>
        </NameValuePair>
        <NameValuePair>
            <name>EmailNotification/CONSTANTS/EXCEPTIONS/TIB_EMAIL_209_MSG</name>
            <value>JMSMessageCreateException</value>
        </NameValuePair>
        <NameValuePair>
            <name>EmailNotification/CONSTANTS/EXCEPTIONS/TIB_EMAIL_210_CODE</name>
            <value>TIB_EMAIL_210</value>
        </NameValuePair>
        <NameValuePair>
            <name>EmailNotification/CONSTANTS/EXCEPTIONS/TIB_EMAIL_210_MSG</name>
            <value>JMSSessionCreateException</value>
        </NameValuePair>
        <NameValuePair>
            <name>EmailNotification/CONSTANTS/EXCEPTIONS/TIB_EMAIL_211_CODE</name>
            <value>TIB_EMAIL_211</value>
        </NameValuePair>
        <NameValuePair>
            <name>EmailNotification/CONSTANTS/EXCEPTIONS/TIB_EMAIL_211_MSG</name>
            <value>JMSSendException</value>
        </NameValuePair>
        <NameValuePair>
            <name>EmailNotification/CONSTANTS/EXCEPTIONS/TIB_EMAIL_212_CODE</name>
            <value>TIB_EMAIL_212</value>
        </NameValuePair>
        <NameValuePair>
            <name>EmailNotification/CONSTANTS/EXCEPTIONS/TIB_EMAIL_212_MSG</name>
            <value>HTTPClientException</value>
        </NameValuePair>
        <NameValuePair>
            <name>EmailNotification/CONSTANTS/EXCEPTIONS/TIB_EMAIL_213_CODE</name>
            <value>TIB_EMAIL_213</value>
        </NameValuePair>
        <NameValuePair>
            <name>EmailNotification/CONSTANTS/EXCEPTIONS/TIB_EMAIL_213_MSG</name>
            <value>HTTPServerException</value>
        </NameValuePair>
        <NameValuePair>
            <name>EmailNotification/CONSTANTS/EXCEPTIONS/TIB_EMAIL_214_CODE</name>
            <value>TIB_EMAIL_214</value>
        </NameValuePair>
        <NameValuePair>
            <name>EmailNotification/CONSTANTS/EXCEPTIONS/TIB_EMAIL_214_MSG</name>
            <value>HTTPCommunicationException</value>
        </NameValuePair>
        <NameValuePair>
            <name>EmailNotification/CONSTANTS/EmailMsg</name>
            <value>EMAIL ID DOES NOT EXISTS</value>
        </NameValuePair>
        <NameValuePair>
            <name>EmailNotification/CONSTANTS/HTTPStatusCode</name>
            <value>200</value>
        </NameValuePair>
        <NameValuePair>
            <name>EmailNotification/CONSTANTS/HTTPTimeoutInMilliSecs</name>
            <value>300000</value>
        </NameValuePair>
        <NameValuePair>
            <name>EmailNotification/CONSTANTS/InstructionTypeForGiftMsg</name>
            <value>VAS_GMSG</value>
        </NameValuePair>
        <NameValuePair>
            <name>EmailNotification/CONSTANTS/KitCode</name>
            <value>BUNDLE</value>
        </NameValuePair>
        <NameValuePair>
            <name>EmailNotification/CONSTANTS/Namespace1</name>
            <value>xmlns = "http://www.sterlingcommerce.com/documentation/YFS/createOrder/input"</value>
        </NameValuePair>
        <NameValuePair>
            <name>EmailNotification/CONSTANTS/Namespace2</name>
            <value>xmlns = "http://www.sterlingcommerce.com/documentation/YDM/getShipmentList_COV/output"</value>
        </NameValuePair>
        <NameValuePair>
            <name>EmailNotification/CONSTANTS/OrderCapture</name>
            <value>OrderCapture</value>
        </NameValuePair>
        <NameValuePair>
            <name>EmailNotification/CONSTANTS/OrderCaptureMsg</name>
            <value>ORDER CAPTURE MESSAGE</value>
        </NameValuePair>
        <NameValuePair>
            <name>EmailNotification/CONSTANTS/PODocumentType</name>
            <value>0005</value>
        </NameValuePair>
        <NameValuePair>
            <name>EmailNotification/CONSTANTS/RegularCarrierSvcCode</name>
            <value>REGULAR</value>
        </NameValuePair>
        <NameValuePair>
            <name>EmailNotification/CONSTANTS/RegularSKUSubLineNo</name>
            <value>1</value>
        </NameValuePair>
        <NameValuePair>
            <name>EmailNotification/CONSTANTS/RootElement1</name>
            <value>Order</value>
        </NameValuePair>
        <NameValuePair>
            <name>EmailNotification/CONSTANTS/RootElement2</name>
            <value>ShipmentList</value>
        </NameValuePair>
        <NameValuePair>
            <name>EmailNotification/CONSTANTS/SODocumentType</name>
            <value>0001</value>
        </NameValuePair>
        <NameValuePair>
            <name>EmailNotification/CONSTANTS/SterlingCarrierNameForUPS</name>
            <value>UPSN</value>
        </NameValuePair>
        <NameValuePair>
            <name>EmailNotification/CONSTANTS/SublineNoRange</name>
            <value>9000</value>
        </NameValuePair>
        <NameValuePair>
            <name>EmailNotification/CONSTANTS/Substring</name>
            <value>&lt;ShipmentList&gt;</value>
        </NameValuePair>
        <NameValuePair>
            <name>EmailNotification/CONSTANTS/Success</name>
            <value>SUCCESS</value>
        </NameValuePair>
        <NameValuePair>
            <name>EmailNotification/CONSTANTS/TextForRushSvcCode</name>
            <value>Rush</value>
        </NameValuePair>
        <NameValuePair>
            <name>EmailNotification/CONSTANTS/TextForStandardSvcCode</name>
            <value>Standard</value>
        </NameValuePair>
        <NameValuePair>
            <name>EmailNotification/JMS/DTCMOQueue</name>
            <value>DTCMO.EMAILNOTIFICATION.PUBLISH</value>
        </NameValuePair>
        <NameValuePair>
            <name>EmailNotification/JMS/MaxSessions</name>
            <value>8</value>
        </NameValuePair>
        <NameValuePair>
            <name>EmailNotification/JMS/Queue</name>
            <value>EXPERIAN.ORDERCAPTURE.PUBLISH</value>
        </NameValuePair>
        <NameValuePair>
            <name>FTPConnections/LawsonFTP/ConnectionTimeout</name>
            <value>60000</value>
        </NameValuePair>
        <NameValuePair>
            <name>FTPConnections/LawsonFTP/Host</name>
            <value>no value</value>
        </NameValuePair>
        <NameValuePair>
            <name>FTPConnections/LawsonFTP/Mode</name>
            <value>Passive</value>
        </NameValuePair>
        <NameValuePair>
            <name>FTPConnections/LawsonFTP/Password</name>
            <value>no value</value>
        </NameValuePair>
        <NameValuePair>
            <name>FTPConnections/LawsonFTP/Port</name>
            <value>21</value>
        </NameValuePair>
        <NameValuePair>
            <name>FTPConnections/LawsonFTP/RemoteFilenameEncoding</name>
            <value>UTF-8</value>
        </NameValuePair>
        <NameValuePair>
            <name>FTPConnections/LawsonFTP/Username</name>
            <value>no value</value>
        </NameValuePair>
        <NameValuePair>
            <name>FTPConnections/RevRecFTP/ConnectionTimeout</name>
            <value>60000</value>
        </NameValuePair>
        <NameValuePair>
            <name>FTPConnections/RevRecFTP/Host</name>
            <value>no value</value>
        </NameValuePair>
        <NameValuePair>
            <name>FTPConnections/RevRecFTP/Mode</name>
            <value>Passive</value>
        </NameValuePair>
        <NameValuePair>
            <name>FTPConnections/RevRecFTP/Password</name>
            <value>no value</value>
        </NameValuePair>
        <NameValuePair>
            <name>FTPConnections/RevRecFTP/Port</name>
            <value>21</value>
        </NameValuePair>
        <NameValuePair>
            <name>FTPConnections/RevRecFTP/RemoteFilenameEncoding</name>
            <value>UTF-8</value>
        </NameValuePair>
        <NameValuePair>
            <name>FTPConnections/RevRecFTP/Username</name>
            <value>no value</value>
        </NameValuePair>
        <NameValuePair>
            <name>FTPConnections/TMSAPPFTP/Host</name>
            <value>rktmsdev12</value>
        </NameValuePair>
        <NameValuePair>
            <name>FTPConnections/TMSAPPFTP/Mode</name>
            <value>Passive</value>
        </NameValuePair>
        <NameValuePair>
            <name>FTPConnections/TMSAPPFTP/Password</name>
            <value>4FTP@wsgctms</value>
        </NameValuePair>
        <NameValuePair>
            <name>FTPConnections/TMSAPPFTP/Port</name>
            <value>21</value>
        </NameValuePair>
        <NameValuePair>
            <name>FTPConnections/TMSAPPFTP/RemoteFilenameEncoding</name>
            <value>ASCII</value>
        </NameValuePair>
        <NameValuePair>
            <name>FTPConnections/TMSAPPFTP/Username</name>
            <value>tmsftp</value>
        </NameValuePair>
        <NameValuePair>
            <name>HTTPConnections/RMSOrgHierarchyService/Host</name>
            <value>webapptstmp1p</value>
        </NameValuePair>
        <NameValuePair>
            <name>HTTPConnections/RMSOrgHierarchyService/Port</name>
            <value>10022</value>
        </NameValuePair>
        <NameValuePair>
            <name>HTTPConnections/RMSOrgHierarchyService/URL</name>
            <value>/OrganizationHierarchyService/stores.xml</value>
        </NameValuePair>
        <NameValuePair>
            <name>HTTPConnections/WebServicesConnection/host</name>
            <value>localhost</value>
        </NameValuePair>
        <NameValuePair>
            <name>HTTPConnections/WebServicesConnection/port</name>
            <value>9091</value>
        </NameValuePair>
        <NameValuePair>
            <name>HawkEnabled</name>
            <value>no value</value>
        </NameValuePair>
        <NameValuePair>
            <name>JDBCConnections/AXDB/DatabaseURL</name>
            <value>jdbc:tibcosoftwareinc:sqlserver://MPAXDEVSQL1:1433;databaseName=AX2009_Test</value>
        </NameValuePair>
        <NameValuePair>
            <name>JDBCConnections/AXDB/JDBCDriver</name>
            <value>tibcosoftwareinc.jdbc.sqlserver.SQLServerDriver</value>
        </NameValuePair>
        <NameValuePair>
            <name>JDBCConnections/AXDB/LoginTimeoutSec</name>
            <value>0</value>
        </NameValuePair>
        <NameValuePair>
            <name>JDBCConnections/AXDB/MaxConnections</name>
            <value>10</value>
        </NameValuePair>
        <NameValuePairPassword>
            <name>JDBCConnections/AXDB/Password</name>
            <value>#!5FF1f5HMNIcl9dmEGl/W5yCOtdY2ETnb</value>
        </NameValuePairPassword>
        <NameValuePair>
            <name>JDBCConnections/AXDB/UserName</name>
            <value>tibcousr</value>
        </NameValuePair>
        <NameValuePair>
            <name>JDBCConnections/CheckpointDB/DatabaseURL</name>
            <value>jdbc:tibcosoftwareinc:oracle://errdbprdrk1p:1521;SID=tibprd</value>
        </NameValuePair>
        <NameValuePair>
            <name>JDBCConnections/CheckpointDB/JDBCDriver</name>
            <value>tibcosoftwareinc.jdbc.oracle.OracleDriver</value>
        </NameValuePair>
        <NameValuePair>
            <name>JDBCConnections/CheckpointDB/LoginTimeoutSec</name>
            <value>10</value>
        </NameValuePair>
        <NameValuePair>
            <name>JDBCConnections/CheckpointDB/MaxConnections</name>
            <value>10</value>
        </NameValuePair>
        <NameValuePairPassword>
            <name>JDBCConnections/CheckpointDB/Password</name>
            <value>#!UR1TavMHbf9AkOOx0qmAErrpWn+qjRsKv+hK2ztW+3c=</value>
        </NameValuePairPassword>
        <NameValuePair>
            <name>JDBCConnections/CheckpointDB/UserName</name>
            <value>tib_prd0</value>
        </NameValuePair>
        <NameValuePair>
            <name>JDBCConnections/OMSSterlingDB/DatabaseURL</name>
            <value>jdbc:tibcosoftwareinc:oracle://scomdbdevmp1p:1521;SID=yandev</value>
        </NameValuePair>
        <NameValuePair>
            <name>JDBCConnections/OMSSterlingDB/JDBCDriver</name>
            <value>tibcosoftwareinc.jdbc.oracle.OracleDriver</value>
        </NameValuePair>
        <NameValuePair>
            <name>JDBCConnections/OMSSterlingDB/LoginTimeoutSec</name>
            <value>10</value>
        </NameValuePair>
        <NameValuePair>
            <name>JDBCConnections/OMSSterlingDB/MaxConnections</name>
            <value>10</value>
        </NameValuePair>
        <NameValuePairPassword>
            <name>JDBCConnections/OMSSterlingDB/Password</name>
            <value>#!CoctEffUqyD6ghbfpL1gEm24T3uESly/5mZDlePLLHQ=</value>
        </NameValuePairPassword>
        <NameValuePair>
            <name>JDBCConnections/OMSSterlingDB/UserName</name>
            <value>yantra_dev1_owner</value>
        </NameValuePair>
        <NameValuePair>
            <name>JDBCConnections/PKMSDB/DatabaseURL</name>
            <value>jdbc:tibcosoftwareinc:db2://memphis2.wsgc.com:446;LocationName=memphis2</value>
        </NameValuePair>
        <NameValuePair>
            <name>JDBCConnections/PKMSDB/JDBCDriver</name>
            <value>tibcosoftwareinc.jdbc.db2.DB2Driver</value>
        </NameValuePair>
        <NameValuePair>
            <name>JDBCConnections/PKMSDB/LoginTimeOut</name>
            <value>0</value>
        </NameValuePair>
        <NameValuePair>
            <name>JDBCConnections/PKMSDB/MaxConnections</name>
            <value>10</value>
        </NameValuePair>
        <NameValuePair>
            <name>JDBCConnections/PKMSDB/Password</name>
            <value>returns10</value>
        </NameValuePair>
        <NameValuePair>
            <name>JDBCConnections/PKMSDB/UserName</name>
            <value>TIBCODATA2</value>
        </NameValuePair>
        <NameValuePair>
            <name>JDBCConnections/RMSDB/DatabaseURL</name>
            <value>jdbc:tibcosoftwareinc:oracle://rmsdbprdrk1p.wsgc.com:1521;SID=rmsprd;EnableCancelTimeout=true; </value>
        </NameValuePair>
        <NameValuePair>
            <name>JDBCConnections/RMSDB/JDBCDriver</name>
            <value>tibcosoftwareinc.jdbc.oracle.OracleDriver</value>
        </NameValuePair>
        <NameValuePair>
            <name>JDBCConnections/RMSDB/LoginTimeoutSec</name>
            <value>10</value>
        </NameValuePair>
        <NameValuePair>
            <name>JDBCConnections/RMSDB/MaxConnections</name>
            <value>10</value>
        </NameValuePair>
        <NameValuePairPassword>
            <name>JDBCConnections/RMSDB/Password</name>
            <value>#!H6o4UAquVKXUvED/V7GHXVwvU7g/0+J0WGjjQcPgxcA=</value>
        </NameValuePairPassword>
        <NameValuePair>
            <name>JDBCConnections/RMSDB/UserName</name>
            <value>rms_owner</value>
        </NameValuePair>
        <NameValuePair>
            <name>JDBCConnections/RMSDBThin/DatabaseURL</name>
            <value>jdbc:oracle:thin:@rmsdbprdrk1p:1521:rmsprd;EnableCancelTimeout=true;</value>
        </NameValuePair>
        <NameValuePair>
            <name>JDBCConnections/RMSDBThin/JDBCDriverThin</name>
            <value>oracle.jdbc.driver.OracleDriver</value>
        </NameValuePair>
        <NameValuePair>
            <name>JDBCConnections/RMSDBThin/LoginTimeoutSec</name>
            <value>10</value>
        </NameValuePair>
        <NameValuePair>
            <name>JDBCConnections/RMSDBThin/MaxConnections</name>
            <value>50</value>
        </NameValuePair>
        <NameValuePairPassword>
            <name>JDBCConnections/RMSDBThin/Password</name>
            <value>#!4UegU6xfVnrcxfuPElN1kB2mmQxa4diCowVYJXlF6BE=</value>
        </NameValuePairPassword>
        <NameValuePair>
            <name>JDBCConnections/RMSDBThin/Username</name>
            <value>rms_owner</value>
        </NameValuePair>
        <NameValuePair>
            <name>JDBCConnections/RMSDEV2/DatabaseURL</name>
            <value>jdbc:oracle:thin:@rmsdbdevmp1p:1521:rmsdev2</value>
        </NameValuePair>
        <NameValuePair>
            <name>JDBCConnections/RMSDEV2/JDBCDriver</name>
            <value>oracle.jdbc.driver.OracleDriver (thin)</value>
        </NameValuePair>
        <NameValuePair>
            <name>JDBCConnections/RMSDEV2/LoginTimeoutSec</name>
            <value>10</value>
        </NameValuePair>
        <NameValuePair>
            <name>JDBCConnections/RMSDEV2/MaxConnections</name>
            <value>10</value>
        </NameValuePair>
        <NameValuePairPassword>
            <name>JDBCConnections/RMSDEV2/Password</name>
            <value>#!TGwQPetaXFjMZIBtJ2fZdeE2Y7RqEM+JX/igI4IjmTE=</value>
        </NameValuePairPassword>
        <NameValuePair>
            <name>JDBCConnections/RMSDEV2/UserName</name>
            <value>RMS_OWNER</value>
        </NameValuePair>
        <NameValuePair>
            <name>JDBCConnections/ReturnDB/DatabaseURL</name>
            <value>jdbc:tibcosoftwareinc:oracle://scomdbprdrk5p:1521;SID=yanprd3</value>
        </NameValuePair>
        <NameValuePair>
            <name>JDBCConnections/ReturnDB/JDBCDriver</name>
            <value>tibcosoftwareinc.jdbc.oracle.OracleDriver</value>
        </NameValuePair>
        <NameValuePair>
            <name>JDBCConnections/ReturnDB/LoginTimeoutSec</name>
            <value>10</value>
        </NameValuePair>
        <NameValuePair>
            <name>JDBCConnections/ReturnDB/MaxConnections</name>
            <value>10</value>
        </NameValuePair>
        <NameValuePairPassword>
            <name>JDBCConnections/ReturnDB/Password</name>
            <value>#!jjLvbv/ELy0h9pjGq2qz1HkcdIdJK4KvYGX6FcSEcoM=</value>
        </NameValuePairPassword>
        <NameValuePair>
            <name>JDBCConnections/ReturnDB/UserName</name>
            <value>return_owner</value>
        </NameValuePair>
        <NameValuePair>
            <name>JDBCConnections/ReturnsAppUIDB/DatabaseURL</name>
            <value>jdbc:oracle:thin:@(DESCRIPTION=(ADDRESS_LIST=(ADDRESS=(PROTOCOL=TCP)(HOST=scomdbprdrk5p-vip)(PORT=1521))(ADDRESS=(PROTOCOL=TCP)(HOST=scomdbprdrk6p-vip)(PORT=1521)))(LOAD_BALANCE=yes)(CONNECT_DATA=(SERVER=DEDICATED)(SERVICE_NAME=yanprd_srvc)(FAILOVER_MODE=(TYPE=SELECT)(METHOD=BASIC)(RETRIES=180)(DELAY=5))))</value>
        </NameValuePair>
        <NameValuePair>
            <name>JDBCConnections/ReturnsAppUIDB/JDBCDriver</name>
            <value>tibcosoftwareinc.jdbc.oracle.OracleDriver</value>
        </NameValuePair>
        <NameValuePair>
            <name>JDBCConnections/ReturnsAppUIDB/LoginTimeoutSec</name>
            <value>10</value>
        </NameValuePair>
        <NameValuePair>
            <name>JDBCConnections/ReturnsAppUIDB/MaxConnections</name>
            <value>10</value>
        </NameValuePair>
        <NameValuePairPassword>
            <name>JDBCConnections/ReturnsAppUIDB/Password</name>
            <value>#!qgKp4lLJbWKbrORwucPGA5/Mxbsr6LfnBmNgwbsB49M=</value>
        </NameValuePairPassword>
        <NameValuePair>
            <name>JDBCConnections/ReturnsAppUIDB/UserName</name>
            <value>return_owner</value>
        </NameValuePair>
        <NameValuePair>
            <name>JDBCConnections/SterlingDB/DatabaseURL</name>
            <value>jdbc:oracle:thin:@(DESCRIPTION=(ADDRESS_LIST=(ADDRESS=(PROTOCOL=TCP)(HOST=scomdbprdrk5p-vip)(PORT=1521))(ADDRESS=(PROTOCOL=TCP)(HOST=scomdbprdrk6p-vip)(PORT=1521)))(LOAD_BALANCE=yes)(CONNECT_DATA=(SERVER=DEDICATED)(SERVICE_NAME=yanprd_srvc)(FAILOVER_MODE=(TYPE=SELECT)(METHOD=BASIC)(RETRIES=180)(DELAY=5))))</value>
        </NameValuePair>
        <NameValuePair>
            <name>JDBCConnections/SterlingDB/JDBCDriver</name>
            <value>tibcosoftwareinc.jdbc.oracle.OracleDriver </value>
        </NameValuePair>
        <NameValuePair>
            <name>JDBCConnections/SterlingDB/LoginTimeoutSec</name>
            <value>10</value>
        </NameValuePair>
        <NameValuePair>
            <name>JDBCConnections/SterlingDB/MaxConnections</name>
            <value>10</value>
        </NameValuePair>
        <NameValuePairPassword>
            <name>JDBCConnections/SterlingDB/Password</name>
            <value>#!NbmjrPodPWHQI5j1bvJSx77dp7OkcC3vKqdgdrsKlpw=</value>
        </NameValuePairPassword>
        <NameValuePair>
            <name>JDBCConnections/SterlingDB/UserName</name>
            <value>yantra_owner</value>
        </NameValuePair>
        <NameValuePair>
            <name>JDBCConnections/TMSDB/DatabaseURL</name>
            <value>jdbc:tibcosoftwareinc:oracle://tmsdevrk1p:1521;SID=tmsdev</value>
        </NameValuePair>
        <NameValuePair>
            <name>JDBCConnections/TMSDB/JDBCDriver</name>
            <value>tibcosoftwareinc.jdbc.oracle.OracleDriver</value>
        </NameValuePair>
        <NameValuePair>
            <name>JDBCConnections/TMSDB/LoginTimeoutSec</name>
            <value>300</value>
        </NameValuePair>
        <NameValuePair>
            <name>JDBCConnections/TMSDB/MaxConnections</name>
            <value>10</value>
        </NameValuePair>
        <NameValuePairPassword>
            <name>JDBCConnections/TMSDB/Password</name>
            <value>#!qPOwqeq2Tm0/+HDjuD3iLz5a4m4sC+kh</value>
        </NameValuePairPassword>
        <NameValuePair>
            <name>JDBCConnections/TMSDB/UserName</name>
            <value>tmmgr</value>
        </NameValuePair>
        <NameValuePair>
            <name>JMSConnections/EMSCLE/JMSProviderURL</name>
            <value>tcp://tibintprdrk17p.wsgc.com:60001,tcp://tibintprdrk18p.wsgc.com:60001</value>
        </NameValuePair>
        <NameValuePair>
            <name>JMSConnections/EMSCLE/JMSSSLProviderURL</name>
            <value></value>
        </NameValuePair>
        <NameValuePair>
            <name>JMSConnections/EMSCLE/JNDIContextFactory</name>
            <value>com.tibco.tibjms.naming.TibjmsInitialContextFactory</value>
        </NameValuePair>
        <NameValuePair>
            <name>JMSConnections/EMSCLE/JNDIContextURL</name>
            <value>tibjmsnaming://tibintprdrk17p:60001,tibjmsnaming://tibintprdrk18p.wsgc.com:60001</value>
        </NameValuePair>
        <NameValuePairPassword>
            <name>JMSConnections/EMSCLE/JNDIPassword</name>
            <value>#!fIIdG82olhMBnhng2+ZODu3cDcj6z8PKxyWFuYOgZac=</value>
        </NameValuePairPassword>
        <NameValuePair>
            <name>JMSConnections/EMSCLE/JNDIUserName</name>
            <value>emsappusr</value>
        </NameValuePair>
        <NameValuePairPassword>
            <name>JMSConnections/EMSCLE/Password</name>
            <value>#!yiSXneMkT1ipke9D3VyE3OfpwqG9Cc8SCx9FitH9hR4=</value>
        </NameValuePairPassword>
        <NameValuePair>
            <name>JMSConnections/EMSCLE/QueueConnectionFactory</name>
            <value>QueueConnectionFactory</value>
        </NameValuePair>
        <NameValuePair>
            <name>JMSConnections/EMSCLE/TopicConnectionFactory</name>
            <value>TopicConnectionFactory</value>
        </NameValuePair>
        <NameValuePair>
            <name>JMSConnections/EMSCLE/UserName</name>
            <value>emsappusr</value>
        </NameValuePair>
        <NameValuePair>
            <name>JMSConnections/EMSDEV2/JMSProviderURL</name>
            <value>tcp://tibintdevmp1p:41000</value>
        </NameValuePair>
        <NameValuePair>
            <name>JMSConnections/EMSDEV2/JNDIContextFactory</name>
            <value>com.tibco.tibjms.naming.TibjmsInitialContextFactory</value>
        </NameValuePair>
        <NameValuePair>
            <name>JMSConnections/EMSDEV2/JNDIContextURL</name>
            <value>tibjmsnaming://tibintdevmp1p:41000</value>
        </NameValuePair>
        <NameValuePairPassword>
            <name>JMSConnections/EMSDEV2/JNDIPassword</name>
            <value>#!MOlZQnz7ENoOn98XyujoRrMkE2DKqy1oRzG5OwlsUEU=</value>
        </NameValuePairPassword>
        <NameValuePair>
            <name>JMSConnections/EMSDEV2/JNDIUserName</name>
            <value>admin</value>
        </NameValuePair>
        <NameValuePairPassword>
            <name>JMSConnections/EMSDEV2/Password</name>
            <value>#!RntYSaqSOHvOZbHGzXcI65888Jxp7tQtA2DBxEc+UW8=</value>
        </NameValuePairPassword>
        <NameValuePair>
            <name>JMSConnections/EMSDEV2/QueueConnectionFactory</name>
            <value>QueueConnectionFactory</value>
        </NameValuePair>
        <NameValuePair>
            <name>JMSConnections/EMSDEV2/TopicConnectionFactory</name>
            <value>TopicConnectionFactory</value>
        </NameValuePair>
        <NameValuePair>
            <name>JMSConnections/EMSDEV2/UserName</name>
            <value>admin</value>
        </NameValuePair>
        <NameValuePair>
            <name>JMSConnections/EMSECOM/JMSProviderURL</name>
            <value>tcp://tibintprdrk11p.wsgc.com:60000,tcp://tibintprdrk12p.wsgc.com:60000</value>
        </NameValuePair>
        <NameValuePair>
            <name>JMSConnections/EMSECOM/JMSSSLProviderURL</name>
            <value></value>
        </NameValuePair>
        <NameValuePair>
            <name>JMSConnections/EMSECOM/JNDIContextFactory</name>
            <value>com.tibco.tibjms.naming.TibjmsInitialContextFactory</value>
        </NameValuePair>
        <NameValuePair>
            <name>JMSConnections/EMSECOM/JNDIContextURL</name>
            <value>tibjmsnaming://tibintprdrk11p.wsgc.com:60000,tibjmsnaming://tibintprdrk12p.wsgc.com:60000</value>
        </NameValuePair>
        <NameValuePairPassword>
            <name>JMSConnections/EMSECOM/JNDIPassword</name>
            <value>#!GWB4S+nlzLZ4W8Sne3RbRA+qvraYChUtusovX/afKlM=</value>
        </NameValuePairPassword>
        <NameValuePair>
            <name>JMSConnections/EMSECOM/JNDIUserName</name>
            <value>emsappusr</value>
        </NameValuePair>
        <NameValuePairPassword>
            <name>JMSConnections/EMSECOM/Password</name>
            <value>#!ciDnY4CJmnIy9n4bnwLFBvC+aOYR6woHdkXapTXLAMI=</value>
        </NameValuePairPassword>
        <NameValuePair>
            <name>JMSConnections/EMSECOM/QueueConnectionFactory</name>
            <value>QueueConnectionFactory</value>
        </NameValuePair>
        <NameValuePair>
            <name>JMSConnections/EMSECOM/TopicConnectionFactory</name>
            <value>TopicConnectionFactory</value>
        </NameValuePair>
        <NameValuePair>
            <name>JMSConnections/EMSECOM/UserName</name>
            <value>emsappusr</value>
        </NameValuePair>
        <NameValuePair>
            <name>JMSConnections/EMSMain/JMSProviderURL</name>
            <value>tcp://tibintprdrk17p.wsgc.com:60000,tcp://tibintprdrk18p.wsgc.com:60000</value>
        </NameValuePair>
        <NameValuePair>
            <name>JMSConnections/EMSMain/JMSSSLProviderURL</name>
            <value></value>
        </NameValuePair>
        <NameValuePair>
            <name>JMSConnections/EMSMain/JNDIContextFactory</name>
            <value>com.tibco.tibjms.naming.TibjmsInitialContextFactory</value>
        </NameValuePair>
        <NameValuePair>
            <name>JMSConnections/EMSMain/JNDIContextURL</name>
            <value>tibjmsnaming://tibintprdrk17p.wsgc.com:60000,tibjmsnaming://tibintprdrk18p.wsgc.com:60000</value>
        </NameValuePair>
        <NameValuePairPassword>
            <name>JMSConnections/EMSMain/JNDIPassword</name>
            <value>#!41m9dDkvayejiBIDGXcBtGgpo5iiopNIXLsX4tGP6kg=</value>
        </NameValuePairPassword>
        <NameValuePair>
            <name>JMSConnections/EMSMain/JNDIUserName</name>
            <value>emsappusr</value>
        </NameValuePair>
        <NameValuePairPassword>
            <name>JMSConnections/EMSMain/Password</name>
            <value>#!xmoMkE/B3Q/bqcYZmdzCLeS5zL82u6r1ejLkTtmINfw=</value>
        </NameValuePairPassword>
        <NameValuePair>
            <name>JMSConnections/EMSMain/QueueConnectionFactory</name>
            <value>QueueConnectionFactory</value>
        </NameValuePair>
        <NameValuePair>
            <name>JMSConnections/EMSMain/TopicConnectionFactory</name>
            <value>TopicConnectionFactory</value>
        </NameValuePair>
        <NameValuePair>
            <name>JMSConnections/EMSMain/UserName</name>
            <value>emsappusr</value>
        </NameValuePair>
        <NameValuePair>
            <name>JMSConnections/EMSPOS/JMSProviderURL</name>
            <value>tcp://tibintprdrk17p.wsgc.com:60000,tcp://tibintprdrk18p.wsgc.com:60000</value>
        </NameValuePair>
        <NameValuePair>
            <name>JMSConnections/EMSPOS/JMSSSLProviderURL</name>
            <value> </value>
        </NameValuePair>
        <NameValuePair>
            <name>JMSConnections/EMSPOS/JNDIContextFactory</name>
            <value>com.tibco.tibjms.naming.TibjmsInitialContextFactory</value>
        </NameValuePair>
        <NameValuePair>
            <name>JMSConnections/EMSPOS/JNDIContextURL</name>
            <value>tibjmsnaming://tibintprdrk17p.wsgc.com:60000,tibjmsnaming://tibintprdrk18p.wsgc.com:60000</value>
        </NameValuePair>
        <NameValuePairPassword>
            <name>JMSConnections/EMSPOS/JNDIPassword</name>
            <value>#!Dh8yOfJkLySEdIMUpRp4pdrkCE57NqpeRd4Wm/dL4RE=</value>
        </NameValuePairPassword>
        <NameValuePair>
            <name>JMSConnections/EMSPOS/JNDIUserName</name>
            <value>emsappusr</value>
        </NameValuePair>
        <NameValuePairPassword>
            <name>JMSConnections/EMSPOS/Password</name>
            <value>#!WL+Ie6jiQs9sOpQ+w8fc/Hm0jT7xyN+k5zO455+B1dg=</value>
        </NameValuePairPassword>
        <NameValuePair>
            <name>JMSConnections/EMSPOS/QueueConnectionFactory</name>
            <value>QueueConnectionFactory</value>
        </NameValuePair>
        <NameValuePair>
            <name>JMSConnections/EMSPOS/TopicConnectionFactory</name>
            <value>TopicConnectionFactory</value>
        </NameValuePair>
        <NameValuePair>
            <name>JMSConnections/EMSPOS/UserName</name>
            <value>emsappusr</value>
        </NameValuePair>
        <NameValuePair>
            <name>JMSConnections/EMSReturnsApp/JMSProviderURL</name>
            <value>tcp://tibintprdrk17p.wsgc.com:60000,tcp://tibintprdrk18p.wsgc.com:60000</value>
        </NameValuePair>
        <NameValuePair>
            <name>JMSConnections/EMSReturnsApp/JMSSSLProviderURL</name>
            <value></value>
        </NameValuePair>
        <NameValuePair>
            <name>JMSConnections/EMSReturnsApp/JNDIContextFactory</name>
            <value>com.tibco.tibjms.naming.TibjmsInitialContextFactory</value>
        </NameValuePair>
        <NameValuePair>
            <name>JMSConnections/EMSReturnsApp/JNDIContextURL</name>
            <value>tibjmsnaming://tibintprdrk17p.wsgc.com:60000,tibjmsnaming://tibintprdrk18p.wsgc.com:60000</value>
        </NameValuePair>
        <NameValuePairPassword>
            <name>JMSConnections/EMSReturnsApp/JNDIPassword</name>
            <value>#!TQR7LGvZIuSR7oLdC9a3ZgGqMfrLp5DePV1aCPY+PqQ=</value>
        </NameValuePairPassword>
        <NameValuePair>
            <name>JMSConnections/EMSReturnsApp/JNDIUserName</name>
            <value>emsappusr</value>
        </NameValuePair>
        <NameValuePairPassword>
            <name>JMSConnections/EMSReturnsApp/Password</name>
            <value>#!1Thu2vqyLNYAcYRuLBYvTGvAj1nAlJ3udKjXLV8Yh28=</value>
        </NameValuePairPassword>
        <NameValuePair>
            <name>JMSConnections/EMSReturnsApp/QueueConnectionFactory</name>
            <value>QueueConnectionFactory</value>
        </NameValuePair>
        <NameValuePair>
            <name>JMSConnections/EMSReturnsApp/TopicConnectionFactory</name>
            <value>TopicConnectionFactory</value>
        </NameValuePair>
        <NameValuePair>
            <name>JMSConnections/EMSReturnsApp/UserName</name>
            <value>emsappusr</value>
        </NameValuePair>
        <NameValuePair>
            <name>JMSConnections/EMSSterling/JMSProviderURL</name>
            <value>tcp://tibintprdrk17p.wsgc.com:60003,tcp://tibintprdrk18p.wsgc.com:60003</value>
        </NameValuePair>
        <NameValuePair>
            <name>JMSConnections/EMSSterling/JMSSSLProviderURL</name>
            <value></value>
        </NameValuePair>
        <NameValuePair>
            <name>JMSConnections/EMSSterling/JNDIContextFactory</name>
            <value>com.tibco.tibjms.naming.TibjmsInitialContextFactory</value>
        </NameValuePair>
        <NameValuePair>
            <name>JMSConnections/EMSSterling/JNDIContextURL</name>
            <value>tibjmsnaming://tibintprdrk17p.wsgc.com:60003,tibjmsnaming://tibintprdrk18p.wsgc.com:60003</value>
        </NameValuePair>
        <NameValuePairPassword>
            <name>JMSConnections/EMSSterling/JNDIPassword</name>
            <value>#!MNFmCwP1d+6iXDMtruE0lu83yt/aIObibi5cNV+6aHI=</value>
        </NameValuePairPassword>
        <NameValuePair>
            <name>JMSConnections/EMSSterling/JNDIUserName</name>
            <value>emsappusr</value>
        </NameValuePair>
        <NameValuePairPassword>
            <name>JMSConnections/EMSSterling/Password</name>
            <value>#!JK6Xz4K65kv8wEewqAsUzxZ1TpliPWXBusuOOhkXJ1I=</value>
        </NameValuePairPassword>
        <NameValuePair>
            <name>JMSConnections/EMSSterling/QueueConnectionFactory</name>
            <value>QueueConnectionFactory</value>
        </NameValuePair>
        <NameValuePair>
            <name>JMSConnections/EMSSterling/TopicConnectionFactory</name>
            <value>TopicConnectionFactory</value>
        </NameValuePair>
        <NameValuePair>
            <name>JMSConnections/EMSSterling/UserName</name>
            <value>emsappusr</value>
        </NameValuePair>
        <NameValuePair>
            <name>JMSConnections/PKMSMQ/JMSProviderURL</name>
            <value></value>
        </NameValuePair>
        <NameValuePair>
            <name>JMSConnections/PKMSMQ/JMSSSLProviderURL</name>
            <value></value>
        </NameValuePair>
        <NameValuePair>
            <name>JMSConnections/PKMSMQ/JNDIContextFactory</name>
            <value>com.sun.jndi.fscontext.RefFSContextFactory</value>
        </NameValuePair>
        <NameValuePair>
            <name>JMSConnections/PKMSMQ/JNDIContextURL</name>
            <value>file:/app/tibco/MQSeries/JNDI/prd-1415</value>
        </NameValuePair>
        <NameValuePairPassword>
            <name>JMSConnections/PKMSMQ/JNDIPassword</name>
            <value></value>
        </NameValuePairPassword>
        <NameValuePair>
            <name>JMSConnections/PKMSMQ/JNDIUserName</name>
            <value></value>
        </NameValuePair>
        <NameValuePairPassword>
            <name>JMSConnections/PKMSMQ/Password</name>
            <value></value>
        </NameValuePairPassword>
        <NameValuePair>
            <name>JMSConnections/PKMSMQ/QueueConnectionFactory</name>
            <value>TIBQCF</value>
        </NameValuePair>
        <NameValuePair>
            <name>JMSConnections/PKMSMQ/UserName</name>
            <value>mqm</value>
        </NameValuePair>
        <NameValuePair>
            <name>JMSConnections/RMSSBYN/JMSProviderURL</name>
            <value></value>
        </NameValuePair>
        <NameValuePair>
            <name>JMSConnections/RMSSBYN/JMSSSLProviderURL</name>
            <value></value>
        </NameValuePair>
        <NameValuePair>
            <name>JMSConnections/RMSSBYN/JNDIContextFactory</name>
            <value>com.sun.jndi.fscontext.RefFSContextFactory</value>
        </NameValuePair>
        <NameValuePair>
            <name>JMSConnections/RMSSBYN/JNDIContextURL</name>
            <value>file:///C:/2007PSG/Williams-Sonoma/BWProjects/SeaBeyondJNDI/DEV3</value>
        </NameValuePair>
        <NameValuePairPassword>
            <name>JMSConnections/RMSSBYN/JNDIPassword</name>
            <value></value>
        </NameValuePairPassword>
        <NameValuePair>
            <name>JMSConnections/RMSSBYN/JNDIUserName</name>
            <value></value>
        </NameValuePair>
        <NameValuePairPassword>
            <name>JMSConnections/RMSSBYN/Password</name>
            <value></value>
        </NameValuePairPassword>
        <NameValuePair>
            <name>JMSConnections/RMSSBYN/QueueConnectionFactory</name>
            <value>XAQConnectionFactory</value>
        </NameValuePair>
        <NameValuePair>
            <name>JMSConnections/RMSSBYN/TopicConnectionFactory</name>
            <value>XAConnectionFactory</value>
        </NameValuePair>
        <NameValuePair>
            <name>JMSConnections/RMSSBYN/UserName</name>
            <value></value>
        </NameValuePair>
        <NameValuePair>
            <name>JMSConnections/SterlingMQ/JMSProviderURL</name>
            <value>tcp://tibintprdrk17p.wsgc.com:60003,tcp://tibintprdrk18p.wsgc.com:60003</value>
        </NameValuePair>
        <NameValuePair>
            <name>JMSConnections/SterlingMQ/JMSSSLProviderURL</name>
            <value></value>
        </NameValuePair>
        <NameValuePair>
            <name>JMSConnections/SterlingMQ/JNDIContextFactory</name>
            <value>com.tibco.tibjms.naming.TibjmsInitialContextFactory</value>
        </NameValuePair>
        <NameValuePair>
            <name>JMSConnections/SterlingMQ/JNDIContextURL</name>
            <value>tibjmsnaming://tibintprdrk17p.wsgc.com:60003,tibjmsnaming://tibintprdrk18p.wsgc.com:60003</value>
        </NameValuePair>
        <NameValuePairPassword>
            <name>JMSConnections/SterlingMQ/JNDIPassword</name>
            <value>#!HwXotU98kSwcIdjU+UNZLSTlhi1UIMmM4G+TLTvQ+Sg=</value>
        </NameValuePairPassword>
        <NameValuePair>
            <name>JMSConnections/SterlingMQ/JNDIUserName</name>
            <value>emsappusr</value>
        </NameValuePair>
        <NameValuePairPassword>
            <name>JMSConnections/SterlingMQ/Password</name>
            <value>#!bB7xnwjzp02vLrUaoPVvFPgcwfPzaq1rPX4UWmS2zCE=</value>
        </NameValuePairPassword>
        <NameValuePair>
            <name>JMSConnections/SterlingMQ/QueueConnectionFactory</name>
            <value>QueueConnectionFactory</value>
        </NameValuePair>
        <NameValuePair>
            <name>JMSConnections/SterlingMQ/UserName</name>
            <value>emsappusr</value>
        </NameValuePair>
        <NameValuePair>
            <name>LookupTranslation/FilePollerIntervalInSec</name>
            <value>10</value>
        </NameValuePair>
        <NameValuePair>
            <name>LookupTranslation/InterfaceCode</name>
            <value>CommonLookup</value>
        </NameValuePair>
        <NameValuePair>
            <name>LookupTranslation/PKMSCLEERR/File</name>
            <value>CLEERR00</value>
        </NameValuePair>
        <NameValuePair>
            <name>LookupTranslation/PKMSCLEERR/JMSQueue</name>
            <value>BW.CLEERR.TOPKMS.INSERT</value>
        </NameValuePair>
        <NameValuePair>
            <name>LookupTranslation/PKMSCLEERR/Library</name>
            <value>CWSI21QUAL</value>
        </NameValuePair>
        <NameValuePair>
            <name>LookupTranslation/PKMSECSVMA00/File</name>
            <value>ECSVMA00</value>
        </NameValuePair>
        <NameValuePair>
            <name>LookupTranslation/PKMSECSVMA00/Library</name>
            <value>INTF_YNT</value>
        </NameValuePair>
        <NameValuePair>
            <name>LookupTranslation/PKMSILCCOD/File</name>
            <value>ILCCOD</value>
        </NameValuePair>
        <NameValuePair>
            <name>LookupTranslation/PKMSILCCOD/Library</name>
            <value>INTF_YNT</value>
        </NameValuePair>
        <NameValuePair>
            <name>LookupTranslation/PKMSItemMaster/File</name>
            <value>STSTYL00</value>
        </NameValuePair>
        <NameValuePair>
            <name>LookupTranslation/PKMSItemMaster/Library</name>
            <value>PKMANHYNTD</value>
        </NameValuePair>
        <NameValuePair>
            <name>LookupTranslation/PKMSRoutingTable/DestinationZip_Suffix</name>
            <value>9999</value>
        </NameValuePair>
        <NameValuePair>
            <name>LookupTranslation/PKMSRoutingTable/File</name>
            <value>RTCARR00</value>
        </NameValuePair>
        <NameValuePair>
            <name>LookupTranslation/PKMSRoutingTable/Library</name>
            <value>PKWSNIYNTD</value>
        </NameValuePair>
        <NameValuePair>
            <name>LookupTranslation/StoreConcept/TimerInterval</name>
            <value>86400000</value>
        </NameValuePair>
        <NameValuePair>
            <name>LookupTranslation/StoreConcept/TimerStartTime</name>
            <value>1286831850000</value>
        </NameValuePair>
        <NameValuePair>
            <name>LookupTranslation/TransactionDomain</name>
            <value>CommonLookup</value>
        </NameValuePair>
        <NameValuePair>
            <name>LookupTranslation/TransactionType</name>
            <value>FileChange</value>
        </NameValuePair>
        <NameValuePair>
            <name>PrefixQueue</name>
            <value>Q.WSI</value>
        </NameValuePair>
        <NameValuePair>
            <name>PrefixTopic</name>
            <value>T.WSI</value>
        </NameValuePair>
        <NameValuePair>
            <name>RemoteRVDaemon</name>
            <value></value>
        </NameValuePair>
        <NameValuePair>
            <name>RvDaemon</name>
            <value>tcp:7500</value>
        </NameValuePair>
        <NameValuePair>
            <name>RvNetwork</name>
            <value></value>
        </NameValuePair>
        <NameValuePair>
            <name>RvService</name>
            <value>7500</value>
        </NameValuePair>
        <NameValuePair>
            <name>RvaHost</name>
            <value>localhost</value>
        </NameValuePair>
        <NameValuePair>
            <name>RvaPort</name>
            <value>7600</value>
        </NameValuePair>
        <NameValuePair>
            <name>TIBHawkDaemon</name>
            <value>tcp:7474</value>
        </NameValuePair>
        <NameValuePair>
            <name>TIBHawkNetwork</name>
            <value></value>
        </NameValuePair>
        <NameValuePair>
            <name>TIBHawkService</name>
            <value>7474</value>
        </NameValuePair>
        <NameValuePair>
            <name>adas400.connection.environment</name>
            <value></value>
        </NameValuePair>
        <NameValuePairPassword>
            <name>adas400.connection.password</name>
            <value></value>
        </NameValuePairPassword>
        <NameValuePair>
            <name>adas400.connection.securityLib</name>
            <value></value>
        </NameValuePair>
        <NameValuePair>
            <name>adas400.connection.server</name>
            <value></value>
        </NameValuePair>
        <NameValuePair>
            <name>adas400.connection.userName</name>
            <value></value>
        </NameValuePair>
        <NameValuePair>
            <name>adas400.connection.workLib</name>
            <value></value>
        </NameValuePair>
    </NVPairs>
    <repoInstances selected="local">
        <localRepoInstance>
            <encoding>ISO8859-1</encoding>
        </localRepoInstance>
    </repoInstances>
    <services>
        <bw name="EmailNotification.par">
            <enabled>true</enabled>
            <bindings>
                <binding name="EmailNotification-23p">
                    <machine>tibintprdrk23p</machine>
                    <product>
                        <type>BW</type>
                        <version>5.11</version>
                        <location>/app/tibco/tib_install_base/tibsw/2014/bw/5.11</location>
                    </product>
                    <setting>
                        <startOnBoot>false</startOnBoot>
                        <enableVerbose>false</enableVerbose>
                        <maxLogFileSize>10000</maxLogFileSize>
                        <maxLogFileCount>3</maxLogFileCount>
                        <threadCount>8</threadCount>
                        <java>
                            <prepandClassPath>/usr/mqm/java/lib</prepandClassPath>
                            <appendClassPath> </appendClassPath>
                            <initHeapSize>256</initHeapSize>
                            <maxHeapSize>512</maxHeapSize>
                            <threadStackSize>256</threadStackSize>
                        </java>
                    </setting>
                    <shutdown>
                        <checkpoint>false</checkpoint>
                        <timeout>0</timeout>
                    </shutdown>
                </binding>
                <binding name="EmailNotification-24p">
                    <machine>tibintprdrk24p</machine>
                    <product>
                        <type>BW</type>
                        <version>5.11</version>
                        <location>/app/tibco/tib_install_base/tibsw/2014/bw/5.11</location>
                    </product>
                    <setting>
                        <startOnBoot>false</startOnBoot>
                        <enableVerbose>false</enableVerbose>
                        <maxLogFileSize>10000</maxLogFileSize>
                        <maxLogFileCount>3</maxLogFileCount>
                        <threadCount>8</threadCount>
                        <java>
                            <prepandClassPath>/usr/mqm/java/lib</prepandClassPath>
                            <appendClassPath> </appendClassPath>
                            <initHeapSize>256</initHeapSize>
                            <maxHeapSize>512</maxHeapSize>
                            <threadStackSize>256</threadStackSize>
                        </java>
                    </setting>
                    <shutdown>
                        <checkpoint>false</checkpoint>
                        <timeout>0</timeout>
                    </shutdown>
                </binding>
            </bindings>
            <NVPairs name="Adapter SDK Properties">
                <NameValuePair>
                    <name>Trace.Task.*</name>
                    <value>false</value>
                </NameValuePair>
                <NameValuePair>
                    <name>EnableMemorySavingMode</name>
                    <value>true</value>
                </NameValuePair>
                <NameValuePair>
                    <name>bw.engine.enableJobRecovery</name>
                    <value>false</value>
                </NameValuePair>
                <NameValuePair>
                    <name>bw.engine.autoCheckpointRestart</name>
                    <value>true</value>
                </NameValuePair>
                <NameValuePair>
                    <name>bw.engine.jobstats.enable</name>
                    <value>false</value>
                </NameValuePair>
                <NameValuePair>
                    <name>log.file.encoding</name>
                    <value></value>
                </NameValuePair>
                <NameValuePair>
                    <name>bw.engine.emaEnabled</name>
                    <value>false</value>
                </NameValuePair>
                <NameValuePair>
                    <name>bw.container.service</name>
                    <value></value>
                </NameValuePair>
                <NameValuePair>
                    <name>bw.container.service.rmi.port</name>
                    <value>9995</value>
                </NameValuePair>
                <NameValuePair>
                    <name>bw.platform.services.retreiveresources.Enabled</name>
                    <value>false</value>
                </NameValuePair>
                <NameValuePair>
                    <name>bw.platform.services.retreiveresources.Hostname</name>
                    <value>localhost</value>
                </NameValuePair>
                <NameValuePair>
                    <name>bw.platform.services.retreiveresources.Httpport</name>
                    <value>8010</value>
                </NameValuePair>
                <NameValuePair>
                    <name>bw.platform.services.retreiveresources.defaultEncoding</name>
                    <value>ISO8859_1</value>
                </NameValuePair>
                <NameValuePair>
                    <name>bw.platform.services.retreiveresources.enableLookups</name>
                    <value>false</value>
                </NameValuePair>
                <NameValuePair>
                    <name>bw.platform.services.retreiveresources.isSecure</name>
                    <value>false</value>
                </NameValuePair>
                <NameValuePair>
                    <name>bw.platform.services.retreiveresources.identity</name>
                    <value>/Identity_HTTPConnection.id</value>
                </NameValuePair>
                <NameValuePair>
                    <name>bw.log4j.configuration</name>
                    <value></value>
                </NameValuePair>
            </NVPairs>
            <failureCount>0</failureCount>
            <failureInterval>0</failureInterval>
            <bwprocesses>
                <bwprocess name="CommonProcesses/LookupTranslation/OnStartupCLEFlags.process">
                    <starter>onStartup</starter>
                    <enabled>true</enabled>
                    <maxJob>16</maxJob>
                    <activation>true</activation>
                    <flowLimit>16</flowLimit>
                </bwprocess>
                <bwprocess name="BusinessProcesses/EmailNotification/EmailNotification.process">
                    <starter>JMS Queue Receiver</starter>
                    <enabled>true</enabled>
                    <maxJob>8</maxJob>
                    <activation>true</activation>
                    <flowLimit>8</flowLimit>
                </bwprocess>
                <bwprocess name="CommonProcesses/LookupTranslation/FilePollerExperianConfig.process">
                    <starter>File Poller</starter>
                    <enabled>true</enabled>
                    <maxJob>16</maxJob>
                    <activation>true</activation>
                    <flowLimit>16</flowLimit>
                </bwprocess>
                <bwprocess name="CommonProcesses/LookupTranslation/FilePollerSCACCodes.process">
                    <starter>File Poller</starter>
                    <enabled>true</enabled>
                    <maxJob>16</maxJob>
                    <activation>true</activation>
                    <flowLimit>16</flowLimit>
                </bwprocess>
                <bwprocess name="CommonProcesses/LookupTranslation/OnStartUpExperianConfig.process">
                    <starter>onStartup</starter>
                    <enabled>true</enabled>
                    <maxJob>16</maxJob>
                    <activation>true</activation>
                    <flowLimit>16</flowLimit>
                </bwprocess>
                <bwprocess name="CommonProcesses/LookupTranslation/FilePollerCLEFlags.process">
                    <starter>File Poller</starter>
                    <enabled>true</enabled>
                    <maxJob>16</maxJob>
                    <activation>true</activation>
                    <flowLimit>16</flowLimit>
                </bwprocess>
                <bwprocess name="CommonProcesses/LookupTranslation/OnStartupSCACCodes.process">
                    <starter>onStartup</starter>
                    <enabled>true</enabled>
                    <maxJob>16</maxJob>
                    <activation>true</activation>
                    <flowLimit>16</flowLimit>
                </bwprocess>
            </bwprocesses>
            <checkpoints selected="Local File">
                <checkpoint>Local File</checkpoint>
                <checkpoint>/SharedConnections/JDBC/AX-DB</checkpoint>
                <checkpoint>/SharedConnections/JDBC/Checkpoint-DB</checkpoint>
                <checkpoint>/SharedConnections/JDBC/PKMS-DB</checkpoint>
                <checkpoint>/SharedConnections/JDBC/RMS DB</checkpoint>
                <checkpoint>/SharedConnections/JDBC/RMSDEV2</checkpoint>
                <checkpoint>/SharedConnections/JDBC/Sterling-DB</checkpoint>
                <checkpoint>/SharedConnections/JDBC/TMS-DB</checkpoint>
                <tablePrefix>EmailNotif_76195871</tablePrefix>
            </checkpoints>
            <isFt>false</isFt>
        </bw>
    </services>
</application>